,Unnamed: 0_x,name,nbIterTraces,nbGranular,mu,lambda,nbElite,nbClose,nbIterPenaltyManagement,targetFeasible,penaltyIncrease,penaltyDecrease,Unnamed: 0_y,hiper_parameter_agg,conj_clientes,instancia
0,2,K3C18J3,6,700,15,30,40,7,6,150,0.3,1.3,0,K3C18J3,K3E2C18J3,/home/administrador/giron/labotim/HGS-CVRP/Instances/CVRP/X-n204-k19.vrp
1,2,K3C18J3,6,700,15,30,40,7,6,150,0.3,1.3,1,K3C18J3,K3E2C18J3,/home/administrador/giron/labotim/HGS-CVRP/Instances/CVRP/X-n573-k30.vrp
2,2,K3C18J3,6,700,15,30,40,7,6,150,0.3,1.3,2,K3C18J3,K3E2C18J3,/home/administrador/giron/labotim/HGS-CVRP/Instances/CVRP/CMT7.vrp
3,2,K3C18J3,6,700,15,30,40,7,6,150,0.3,1.3,3,K3C18J3,K3E2C18J3,/home/administrador/giron/labotim/HGS-CVRP/Instances/CVRP/CMT9.vrp
4,2,K3C18J3,6,700,15,30,40,7,6,150,0.3,1.3,4,K3C18J3,K3E2C18J3,/home/administrador/giron/labotim/HGS-CVRP/Instances/CVRP/X-n247-k50.vrp
5,2,K3C18J3,6,700,15,30,40,7,6,150,0.3,1.3,5,K3C18J3,K3E2C18J3,/home/administrador/giron/labotim/HGS-CVRP/Instances/CVRP/Golden_6.vrp
6,2,K3C18J3,6,700,15,30,40,7,6,150,0.3,1.3,6,K3C18J3,K3E2C18J3,/home/administrador/giron/labotim/HGS-CVRP/Instances/CVRP/X-n162-k11.vrp
7,2,K3C18J3,6,700,15,30,40,7,6,150,0.3,1.3,7,K3C18J3,K3E2C18J3,/home/administrador/giron/labotim/HGS-CVRP/Instances/CVRP/X-n469-k138.vrp
8,2,K3C18J3,6,700,15,30,40,7,6,150,0.3,1.3,8,K3C18J3,K3E2C18J3,/home/administrador/giron/labotim/HGS-CVRP/Instances/CVRP/X-n172-k51.vrp
9,2,K3C18J3,6,700,15,30,40,7,6,150,0.3,1.3,9,K3C18J3,K3E2C18J3,/home/administrador/giron/labotim/HGS-CVRP/Instances/CVRP/Golden_18.vrp
10,2,K3C18J3,6,700,15,30,40,7,6,150,0.3,1.3,10,K3C18J3,K3E2C18J3,/home/administrador/giron/labotim/HGS-CVRP/Instances/CVRP/X-n536-k96.vrp
11,2,K3C18J3,6,700,15,30,40,7,6,150,0.3,1.3,11,K3C18J3,K3E2C18J3,/home/administrador/giron/labotim/HGS-CVRP/Instances/CVRP/CMT5.vrp
12,2,K3C18J3,6,700,15,30,40,7,6,150,0.3,1.3,12,K3C18J3,K3E2C18J3,/home/administrador/giron/labotim/HGS-CVRP/Instances/CVRP/X-n209-k16.vrp
13,2,K3C18J3,6,700,15,30,40,7,6,150,0.3,1.3,13,K3C18J3,K3E2C18J3,/home/administrador/giron/labotim/HGS-CVRP/Instances/CVRP/X-n701-k44.vrp
14,2,K3C18J3,6,700,15,30,40,7,6,150,0.3,1.3,14,K3C18J3,K3E2C18J3,/home/administrador/giron/labotim/HGS-CVRP/Instances/CVRP/X-n237-k14.vrp
15,2,K3C18J3,6,700,15,30,40,7,6,150,0.3,1.3,15,K3C18J3,K3E2C18J3,/home/administrador/giron/labotim/HGS-CVRP/Instances/CVRP/X-n376-k94.vrp
16,2,K3C18J3,6,700,15,30,40,7,6,150,0.3,1.3,16,K3C18J3,K3E2C18J3,/home/administrador/giron/labotim/HGS-CVRP/Instances/CVRP/X-n957-k87.vrp
17,2,K3C18J3,6,700,15,30,40,7,6,150,0.3,1.3,17,K3C18J3,K3E2C18J3,/home/administrador/giron/labotim/HGS-CVRP/Instances/CVRP/X-n313-k71.vrp
18,2,K3C18J3,6,700,15,30,40,7,6,150,0.3,1.3,18,K3C18J3,K3E3C18J3,/home/administrador/giron/labotim/HGS-CVRP/Instances/CVRP/X-n195-k51.vrp
19,2,K3C18J3,6,700,15,30,40,7,6,150,0.3,1.3,19,K3C18J3,K3E3C18J3,/home/administrador/giron/labotim/HGS-CVRP/Instances/CVRP/X-n613-k62.vrp
20,2,K3C18J3,6,700,15,30,40,7,6,150,0.3,1.3,20,K3C18J3,K3E3C18J3,/home/administrador/giron/labotim/HGS-CVRP/Instances/CVRP/X-n716-k35.vrp
21,2,K3C18J3,6,700,15,30,40,7,6,150,0.3,1.3,21,K3C18J3,K3E3C18J3,/home/administrador/giron/labotim/HGS-CVRP/Instances/CVRP/X-n139-k10.vrp
22,2,K3C18J3,6,700,15,30,40,7,6,150,0.3,1.3,22,K3C18J3,K3E3C18J3,/home/administrador/giron/labotim/HGS-CVRP/Instances/CVRP/X-n214-k11.vrp
23,2,K3C18J3,6,700,15,30,40,7,6,150,0.3,1.3,23,K3C18J3,K3E3C18J3,/home/administrador/giron/labotim/HGS-CVRP/Instances/CVRP/X-n384-k52.vrp
24,2,K3C18J3,6,700,15,30,40,7,6,150,0.3,1.3,24,K3C18J3,K3E3C18J3,/home/administrador/giron/labotim/HGS-CVRP/Instances/CVRP/X-n411-k19.vrp
25,2,K3C18J3,6,700,15,30,40,7,6,150,0.3,1.3,25,K3C18J3,K3E3C18J3,/home/administrador/giron/labotim/HGS-CVRP/Instances/CVRP/X-n344-k43.vrp
26,2,K3C18J3,6,700,15,30,40,7,6,150,0.3,1.3,26,K3C18J3,K3E3C18J3,/home/administrador/giron/labotim/HGS-CVRP/Instances/CVRP/Golden_20.vrp
27,2,K3C18J3,6,700,15,30,40,7,6,150,0.3,1.3,27,K3C18J3,K3E3C18J3,/home/administrador/giron/labotim/HGS-CVRP/Instances/CVRP/CMT4.vrp
28,2,K3C18J3,6,700,15,30,40,7,6,150,0.3,1.3,28,K3C18J3,K3E3C18J3,/home/administrador/giron/labotim/HGS-CVRP/Instances/CVRP/X-n284-k15.vrp
29,2,K3C18J3,6,700,15,30,40,7,6,150,0.3,1.3,29,K3C18J3,K3E3C18J3,/home/administrador/giron/labotim/HGS-CVRP/Instances/CVRP/Golden_1.vrp
30,2,K3C18J3,6,700,15,30,40,7,6,150,0.3,1.3,30,K3C18J3,K3E3C18J3,/home/administrador/giron/labotim/HGS-CVRP/Instances/CVRP/Golden_9.vrp
31,2,K3C18J3,6,700,15,30,40,7,6,150,0.3,1.3,31,K3C18J3,K3E3C18J3,/home/administrador/giron/labotim/HGS-CVRP/Instances/CVRP/X-n480-k70.vrp
32,2,K3C18J3,6,700,15,30,40,7,6,150,0.3,1.3,32,K3C18J3,K3E3C18J3,/home/administrador/giron/labotim/HGS-CVRP/Instances/CVRP/X-n256-k16.vrp
33,2,K3C18J3,6,700,15,30,40,7,6,150,0.3,1.3,33,K3C18J3,K3E3C18J3,/home/administrador/giron/labotim/HGS-CVRP/Instances/CVRP/CMT13.vrp
34,2,K3C18J3,6,700,15,30,40,7,6,150,0.3,1.3,34,K3C18J3,K3E3C18J3,/home/administrador/giron/labotim/HGS-CVRP/Instances/CVRP/X-n837-k142.vrp
35,2,K3C18J3,6,700,15,30,40,7,6,150,0.3,1.3,35,K3C18J3,K3E3C18J3,/home/administrador/giron/labotim/HGS-CVRP/Instances/CVRP/X-n129-k18.vrp
36,2,K3C18J3,6,700,15,30,40,7,6,150,0.3,1.3,36,K3C18J3,K3E1C18J3,/home/administrador/giron/labotim/HGS-CVRP/Instances/CVRP/X-n200-k36.vrp
37,2,K3C18J3,6,700,15,30,40,7,6,150,0.3,1.3,37,K3C18J3,K3E1C18J3,/home/administrador/giron/labotim/HGS-CVRP/Instances/CVRP/X-n101-k25.vrp
38,2,K3C18J3,6,700,15,30,40,7,6,150,0.3,1.3,38,K3C18J3,K3E1C18J3,/home/administrador/giron/labotim/HGS-CVRP/Instances/CVRP/X-n134-k13.vrp
39,2,K3C18J3,6,700,15,30,40,7,6,150,0.3,1.3,39,K3C18J3,K3E1C18J3,/home/administrador/giron/labotim/HGS-CVRP/Instances/CVRP/X-n548-k50.vrp
40,2,K3C18J3,6,700,15,30,40,7,6,150,0.3,1.3,40,K3C18J3,K3E1C18J3,/home/administrador/giron/labotim/HGS-CVRP/Instances/CVRP/Golden_5.vrp
41,2,K3C18J3,6,700,15,30,40,7,6,150,0.3,1.3,41,K3C18J3,K3E1C18J3,/home/administrador/giron/labotim/HGS-CVRP/Instances/CVRP/X-n228-k23.vrp
42,2,K3C18J3,6,700,15,30,40,7,6,150,0.3,1.3,42,K3C18J3,K3E1C18J3,/home/administrador/giron/labotim/HGS-CVRP/Instances/CVRP/X-n876-k59.vrp
43,2,K3C18J3,6,700,15,30,40,7,6,150,0.3,1.3,43,K3C18J3,K3E1C18J3,/home/administrador/giron/labotim/HGS-CVRP/Instances/CVRP/CMT3.vrp
44,2,K3C18J3,6,700,15,30,40,7,6,150,0.3,1.3,44,K3C18J3,K3E1C18J3,/home/administrador/giron/labotim/HGS-CVRP/Instances/CVRP/X-n819-k171.vrp
45,2,K3C18J3,6,700,15,30,40,7,6,150,0.3,1.3,45,K3C18J3,K3E1C18J3,/home/administrador/giron/labotim/HGS-CVRP/Instances/CVRP/X-n336-k84.vrp
46,2,K3C18J3,6,700,15,30,40,7,6,150,0.3,1.3,46,K3C18J3,K3E1C18J3,/home/administrador/giron/labotim/HGS-CVRP/Instances/CVRP/X-n561-k42.vrp
47,2,K3C18J3,6,700,15,30,40,7,6,150,0.3,1.3,47,K3C18J3,K3E1C18J3,/home/administrador/giron/labotim/HGS-CVRP/Instances/CVRP/X-n502-k39.vrp
48,2,K3C18J3,6,700,15,30,40,7,6,150,0.3,1.3,48,K3C18J3,K3E1C18J3,/home/administrador/giron/labotim/HGS-CVRP/Instances/CVRP/X-n120-k6.vrp
49,2,K3C18J3,6,700,15,30,40,7,6,150,0.3,1.3,49,K3C18J3,K3E1C18J3,/home/administrador/giron/labotim/HGS-CVRP/Instances/CVRP/X-n322-k28.vrp
50,2,K3C18J3,6,700,15,30,40,7,6,150,0.3,1.3,50,K3C18J3,K3E1C18J3,/home/administrador/giron/labotim/HGS-CVRP/Instances/CVRP/X-n233-k16.vrp
51,2,K3C18J3,6,700,15,30,40,7,6,150,0.3,1.3,51,K3C18J3,K3E1C18J3,/home/administrador/giron/labotim/HGS-CVRP/Instances/CVRP/X-n275-k28.vrp
52,2,K3C18J3,6,700,15,30,40,7,6,150,0.3,1.3,52,K3C18J3,K3E1C18J3,/home/administrador/giron/labotim/HGS-CVRP/Instances/CVRP/X-n856-k95.vrp
53,2,K3C18J3,6,700,15,30,40,7,6,150,0.3,1.3,53,K3C18J3,K3E1C18J3,/home/administrador/giron/labotim/HGS-CVRP/Instances/CVRP/X-n303-k21.vrp
54,1,K3C15J3,1,500,15,20,20,7,1,150,0.4,1.4,54,K3C15J3,K3E3C15J3,/home/administrador/giron/labotim/HGS-CVRP/Instances/CVRP/X-n895-k37.vrp
55,1,K3C15J3,1,500,15,20,20,7,1,150,0.4,1.4,55,K3C15J3,K3E3C15J3,/home/administrador/giron/labotim/HGS-CVRP/Instances/CVRP/X-n153-k22.vrp
56,1,K3C15J3,1,500,15,20,20,7,1,150,0.4,1.4,56,K3C15J3,K3E3C15J3,/home/administrador/giron/labotim/HGS-CVRP/Instances/CVRP/X-n106-k14.vrp
57,1,K3C15J3,1,500,15,20,20,7,1,150,0.4,1.4,57,K3C15J3,K3E3C15J3,/home/administrador/giron/labotim/HGS-CVRP/Instances/CVRP/X-n280-k17.vrp
58,1,K3C15J3,1,500,15,20,20,7,1,150,0.4,1.4,58,K3C15J3,K3E3C15J3,/home/administrador/giron/labotim/HGS-CVRP/Instances/CVRP/X-n120-k6.vrp
59,1,K3C15J3,1,500,15,20,20,7,1,150,0.4,1.4,59,K3C15J3,K3E3C15J3,/home/administrador/giron/labotim/HGS-CVRP/Instances/CVRP/X-n401-k29.vrp
60,1,K3C15J3,1,500,15,20,20,7,1,150,0.4,1.4,60,K3C15J3,K3E3C15J3,/home/administrador/giron/labotim/HGS-CVRP/Instances/CVRP/CMT9.vrp
61,1,K3C15J3,1,500,15,20,20,7,1,150,0.4,1.4,61,K3C15J3,K3E3C15J3,/home/administrador/giron/labotim/HGS-CVRP/Instances/CVRP/X-n223-k34.vrp
62,1,K3C15J3,1,500,15,20,20,7,1,150,0.4,1.4,62,K3C15J3,K3E3C15J3,/home/administrador/giron/labotim/HGS-CVRP/Instances/CVRP/X-n200-k36.vrp
63,1,K3C15J3,1,500,15,20,20,7,1,150,0.4,1.4,63,K3C15J3,K3E3C15J3,/home/administrador/giron/labotim/HGS-CVRP/Instances/CVRP/X-n957-k87.vrp
64,1,K3C15J3,1,500,15,20,20,7,1,150,0.4,1.4,64,K3C15J3,K3E3C15J3,/home/administrador/giron/labotim/HGS-CVRP/Instances/CVRP/X-n237-k14.vrp
65,1,K3C15J3,1,500,15,20,20,7,1,150,0.4,1.4,65,K3C15J3,K3E3C15J3,/home/administrador/giron/labotim/HGS-CVRP/Instances/CVRP/X-n1001-k43.vrp
66,1,K3C15J3,1,500,15,20,20,7,1,150,0.4,1.4,66,K3C15J3,K3E3C15J3,/home/administrador/giron/labotim/HGS-CVRP/Instances/CVRP/X-n129-k18.vrp
67,1,K3C15J3,1,500,15,20,20,7,1,150,0.4,1.4,67,K3C15J3,K3E3C15J3,/home/administrador/giron/labotim/HGS-CVRP/Instances/CVRP/Golden_18.vrp
68,1,K3C15J3,1,500,15,20,20,7,1,150,0.4,1.4,68,K3C15J3,K3E3C15J3,/home/administrador/giron/labotim/HGS-CVRP/Instances/CVRP/X-n548-k50.vrp
69,1,K3C15J3,1,500,15,20,20,7,1,150,0.4,1.4,69,K3C15J3,K3E2C15J3,/home/administrador/giron/labotim/HGS-CVRP/Instances/CVRP/X-n749-k98.vrp
70,1,K3C15J3,1,500,15,20,20,7,1,150,0.4,1.4,70,K3C15J3,K3E2C15J3,/home/administrador/giron/labotim/HGS-CVRP/Instances/CVRP/X-n270-k35.vrp
71,1,K3C15J3,1,500,15,20,20,7,1,150,0.4,1.4,71,K3C15J3,K3E2C15J3,/home/administrador/giron/labotim/HGS-CVRP/Instances/CVRP/X-n701-k44.vrp
72,1,K3C15J3,1,500,15,20,20,7,1,150,0.4,1.4,72,K3C15J3,K3E2C15J3,/home/administrador/giron/labotim/HGS-CVRP/Instances/CVRP/X-n766-k71.vrp
73,1,K3C15J3,1,500,15,20,20,7,1,150,0.4,1.4,73,K3C15J3,K3E2C15J3,/home/administrador/giron/labotim/HGS-CVRP/Instances/CVRP/X-n599-k92.vrp
74,1,K3C15J3,1,500,15,20,20,7,1,150,0.4,1.4,74,K3C15J3,K3E2C15J3,/home/administrador/giron/labotim/HGS-CVRP/Instances/CVRP/X-n411-k19.vrp
75,1,K3C15J3,1,500,15,20,20,7,1,150,0.4,1.4,75,K3C15J3,K3E2C15J3,/home/administrador/giron/labotim/HGS-CVRP/Instances/CVRP/CMT13.vrp
76,1,K3C15J3,1,500,15,20,20,7,1,150,0.4,1.4,76,K3C15J3,K3E2C15J3,/home/administrador/giron/labotim/HGS-CVRP/Instances/CVRP/X-n228-k23.vrp
77,1,K3C15J3,1,500,15,20,20,7,1,150,0.4,1.4,77,K3C15J3,K3E2C15J3,/home/administrador/giron/labotim/HGS-CVRP/Instances/CVRP/Golden_10.vrp
78,1,K3C15J3,1,500,15,20,20,7,1,150,0.4,1.4,78,K3C15J3,K3E2C15J3,/home/administrador/giron/labotim/HGS-CVRP/Instances/CVRP/Golden_20.vrp
79,1,K3C15J3,1,500,15,20,20,7,1,150,0.4,1.4,79,K3C15J3,K3E2C15J3,/home/administrador/giron/labotim/HGS-CVRP/Instances/CVRP/X-n670-k130.vrp
80,1,K3C15J3,1,500,15,20,20,7,1,150,0.4,1.4,80,K3C15J3,K3E2C15J3,/home/administrador/giron/labotim/HGS-CVRP/Instances/CVRP/X-n308-k13.vrp
81,1,K3C15J3,1,500,15,20,20,7,1,150,0.4,1.4,81,K3C15J3,K3E2C15J3,/home/administrador/giron/labotim/HGS-CVRP/Instances/CVRP/X-n513-k21.vrp
82,1,K3C15J3,1,500,15,20,20,7,1,150,0.4,1.4,82,K3C15J3,K3E2C15J3,/home/administrador/giron/labotim/HGS-CVRP/Instances/CVRP/X-n294-k50.vrp
83,1,K3C15J3,1,500,15,20,20,7,1,150,0.4,1.4,83,K3C15J3,K3E2C15J3,/home/administrador/giron/labotim/HGS-CVRP/Instances/CVRP/CMT3.vrp
84,1,K3C15J3,1,500,15,20,20,7,1,150,0.4,1.4,84,K3C15J3,K3E1C15J3,/home/administrador/giron/labotim/HGS-CVRP/Instances/CVRP/X-n143-k7.vrp
85,1,K3C15J3,1,500,15,20,20,7,1,150,0.4,1.4,85,K3C15J3,K3E1C15J3,/home/administrador/giron/labotim/HGS-CVRP/Instances/CVRP/X-n214-k11.vrp
86,1,K3C15J3,1,500,15,20,20,7,1,150,0.4,1.4,86,K3C15J3,K3E1C15J3,/home/administrador/giron/labotim/HGS-CVRP/Instances/CVRP/X-n186-k15.vrp
87,1,K3C15J3,1,500,15,20,20,7,1,150,0.4,1.4,87,K3C15J3,K3E1C15J3,/home/administrador/giron/labotim/HGS-CVRP/Instances/CVRP/X-n524-k153.vrp
88,1,K3C15J3,1,500,15,20,20,7,1,150,0.4,1.4,88,K3C15J3,K3E1C15J3,/home/administrador/giron/labotim/HGS-CVRP/Instances/CVRP/Golden_3.vrp
89,1,K3C15J3,1,500,15,20,20,7,1,150,0.4,1.4,89,K3C15J3,K3E1C15J3,/home/administrador/giron/labotim/HGS-CVRP/Instances/CVRP/X-n110-k13.vrp
90,1,K3C15J3,1,500,15,20,20,7,1,150,0.4,1.4,90,K3C15J3,K3E1C15J3,/home/administrador/giron/labotim/HGS-CVRP/Instances/CVRP/X-n139-k10.vrp
91,1,K3C15J3,1,500,15,20,20,7,1,150,0.4,1.4,91,K3C15J3,K3E1C15J3,/home/administrador/giron/labotim/HGS-CVRP/Instances/CVRP/CMT2.vrp
92,1,K3C15J3,1,500,15,20,20,7,1,150,0.4,1.4,92,K3C15J3,K3E1C15J3,/home/administrador/giron/labotim/HGS-CVRP/Instances/CVRP/CMT14.vrp
93,1,K3C15J3,1,500,15,20,20,7,1,150,0.4,1.4,93,K3C15J3,K3E1C15J3,/home/administrador/giron/labotim/HGS-CVRP/Instances/CVRP/Golden_5.vrp
94,1,K3C15J3,1,500,15,20,20,7,1,150,0.4,1.4,94,K3C15J3,K3E1C15J3,/home/administrador/giron/labotim/HGS-CVRP/Instances/CVRP/Golden_13.vrp
95,1,K3C15J3,1,500,15,20,20,7,1,150,0.4,1.4,95,K3C15J3,K3E1C15J3,/home/administrador/giron/labotim/HGS-CVRP/Instances/CVRP/X-n125-k30.vrp
96,1,K3C15J3,1,500,15,20,20,7,1,150,0.4,1.4,96,K3C15J3,K3E1C15J3,/home/administrador/giron/labotim/HGS-CVRP/Instances/CVRP/X-n359-k29.vrp
97,1,K3C15J3,1,500,15,20,20,7,1,150,0.4,1.4,97,K3C15J3,K3E1C15J3,/home/administrador/giron/labotim/HGS-CVRP/Instances/CVRP/Golden_9.vrp
98,1,K3C15J3,1,500,15,20,20,7,1,150,0.4,1.4,98,K3C15J3,K3E1C15J3,/home/administrador/giron/labotim/HGS-CVRP/Instances/CVRP/X-n561-k42.vrp
99,3,K5C10J3,3,700,20,20,20,5,3,50,0.3,1.3,99,K5C10J3,K5E1C10J3,/home/administrador/giron/labotim/HGS-CVRP/Instances/CVRP/X-n766-k71.vrp
100,3,K5C10J3,3,700,20,20,20,5,3,50,0.3,1.3,100,K5C10J3,K5E1C10J3,/home/administrador/giron/labotim/HGS-CVRP/Instances/CVRP/X-n181-k23.vrp
101,3,K5C10J3,3,700,20,20,20,5,3,50,0.3,1.3,101,K5C10J3,K5E1C10J3,/home/administrador/giron/labotim/HGS-CVRP/Instances/CVRP/Golden_14.vrp
102,3,K5C10J3,3,700,20,20,20,5,3,50,0.3,1.3,102,K5C10J3,K5E1C10J3,/home/administrador/giron/labotim/HGS-CVRP/Instances/CVRP/X-n655-k131.vrp
103,3,K5C10J3,3,700,20,20,20,5,3,50,0.3,1.3,103,K5C10J3,K5E1C10J3,/home/administrador/giron/labotim/HGS-CVRP/Instances/CVRP/X-n219-k73.vrp
104,3,K5C10J3,3,700,20,20,20,5,3,50,0.3,1.3,104,K5C10J3,K5E1C10J3,/home/administrador/giron/labotim/HGS-CVRP/Instances/CVRP/X-n280-k17.vrp
105,3,K5C10J3,3,700,20,20,20,5,3,50,0.3,1.3,105,K5C10J3,K5E1C10J3,/home/administrador/giron/labotim/HGS-CVRP/Instances/CVRP/Golden_19.vrp
106,3,K5C10J3,3,700,20,20,20,5,3,50,0.3,1.3,106,K5C10J3,K5E1C10J3,/home/administrador/giron/labotim/HGS-CVRP/Instances/CVRP/X-n313-k71.vrp
107,3,K5C10J3,3,700,20,20,20,5,3,50,0.3,1.3,107,K5C10J3,K5E1C10J3,/home/administrador/giron/labotim/HGS-CVRP/Instances/CVRP/X-n190-k8.vrp
108,3,K5C10J3,3,700,20,20,20,5,3,50,0.3,1.3,108,K5C10J3,K5E1C10J3,/home/administrador/giron/labotim/HGS-CVRP/Instances/CVRP/X-n289-k60.vrp
109,3,K5C10J3,3,700,20,20,20,5,3,50,0.3,1.3,109,K5C10J3,K5E3C10J3,/home/administrador/giron/labotim/HGS-CVRP/Instances/CVRP/X-n153-k22.vrp
110,3,K5C10J3,3,700,20,20,20,5,3,50,0.3,1.3,110,K5C10J3,K5E3C10J3,/home/administrador/giron/labotim/HGS-CVRP/Instances/CVRP/X-n393-k38.vrp
111,3,K5C10J3,3,700,20,20,20,5,3,50,0.3,1.3,111,K5C10J3,K5E3C10J3,/home/administrador/giron/labotim/HGS-CVRP/Instances/CVRP/X-n209-k16.vrp
112,3,K5C10J3,3,700,20,20,20,5,3,50,0.3,1.3,112,K5C10J3,K5E3C10J3,/home/administrador/giron/labotim/HGS-CVRP/Instances/CVRP/X-n819-k171.vrp
113,3,K5C10J3,3,700,20,20,20,5,3,50,0.3,1.3,113,K5C10J3,K5E3C10J3,/home/administrador/giron/labotim/HGS-CVRP/Instances/CVRP/X-n204-k19.vrp
114,3,K5C10J3,3,700,20,20,20,5,3,50,0.3,1.3,114,K5C10J3,K5E3C10J3,/home/administrador/giron/labotim/HGS-CVRP/Instances/CVRP/Golden_3.vrp
115,3,K5C10J3,3,700,20,20,20,5,3,50,0.3,1.3,115,K5C10J3,K5E3C10J3,/home/administrador/giron/labotim/HGS-CVRP/Instances/CVRP/X-n294-k50.vrp
116,3,K5C10J3,3,700,20,20,20,5,3,50,0.3,1.3,116,K5C10J3,K5E3C10J3,/home/administrador/giron/labotim/HGS-CVRP/Instances/CVRP/X-n1001-k43.vrp
117,3,K5C10J3,3,700,20,20,20,5,3,50,0.3,1.3,117,K5C10J3,K5E3C10J3,/home/administrador/giron/labotim/HGS-CVRP/Instances/CVRP/CMT6.vrp
118,3,K5C10J3,3,700,20,20,20,5,3,50,0.3,1.3,118,K5C10J3,K5E3C10J3,/home/administrador/giron/labotim/HGS-CVRP/Instances/CVRP/X-n120-k6.vrp
119,3,K5C10J3,3,700,20,20,20,5,3,50,0.3,1.3,119,K5C10J3,K5E2C10J3,/home/administrador/giron/labotim/HGS-CVRP/Instances/CVRP/X-n480-k70.vrp
120,3,K5C10J3,3,700,20,20,20,5,3,50,0.3,1.3,120,K5C10J3,K5E2C10J3,/home/administrador/giron/labotim/HGS-CVRP/Instances/CVRP/Golden_6.vrp
121,3,K5C10J3,3,700,20,20,20,5,3,50,0.3,1.3,121,K5C10J3,K5E2C10J3,/home/administrador/giron/labotim/HGS-CVRP/Instances/CVRP/CMT9.vrp
122,3,K5C10J3,3,700,20,20,20,5,3,50,0.3,1.3,122,K5C10J3,K5E2C10J3,/home/administrador/giron/labotim/HGS-CVRP/Instances/CVRP/X-n599-k92.vrp
123,3,K5C10J3,3,700,20,20,20,5,3,50,0.3,1.3,123,K5C10J3,K5E2C10J3,/home/administrador/giron/labotim/HGS-CVRP/Instances/CVRP/Golden_7.vrp
124,3,K5C10J3,3,700,20,20,20,5,3,50,0.3,1.3,124,K5C10J3,K5E2C10J3,/home/administrador/giron/labotim/HGS-CVRP/Instances/CVRP/CMT10.vrp
125,3,K5C10J3,3,700,20,20,20,5,3,50,0.3,1.3,125,K5C10J3,K5E2C10J3,/home/administrador/giron/labotim/HGS-CVRP/Instances/CVRP/X-n502-k39.vrp
126,3,K5C10J3,3,700,20,20,20,5,3,50,0.3,1.3,126,K5C10J3,K5E2C10J3,/home/administrador/giron/labotim/HGS-CVRP/Instances/CVRP/X-n469-k138.vrp
127,3,K5C10J3,3,700,20,20,20,5,3,50,0.3,1.3,127,K5C10J3,K5E2C10J3,/home/administrador/giron/labotim/HGS-CVRP/Instances/CVRP/X-n242-k48.vrp
128,3,K5C10J3,3,700,20,20,20,5,3,50,0.3,1.3,128,K5C10J3,K5E2C10J3,/home/administrador/giron/labotim/HGS-CVRP/Instances/CVRP/X-n573-k30.vrp
129,3,K5C10J3,3,700,20,20,20,5,3,50,0.3,1.3,129,K5C10J3,K5E5C10J3,/home/administrador/giron/labotim/HGS-CVRP/Instances/CVRP/X-n247-k50.vrp
130,3,K5C10J3,3,700,20,20,20,5,3,50,0.3,1.3,130,K5C10J3,K5E5C10J3,/home/administrador/giron/labotim/HGS-CVRP/Instances/CVRP/CMT4.vrp
131,3,K5C10J3,3,700,20,20,20,5,3,50,0.3,1.3,131,K5C10J3,K5E5C10J3,/home/administrador/giron/labotim/HGS-CVRP/Instances/CVRP/X-n916-k207.vrp
132,3,K5C10J3,3,700,20,20,20,5,3,50,0.3,1.3,132,K5C10J3,K5E5C10J3,/home/administrador/giron/labotim/HGS-CVRP/Instances/CVRP/X-n459-k26.vrp
133,3,K5C10J3,3,700,20,20,20,5,3,50,0.3,1.3,133,K5C10J3,K5E5C10J3,/home/administrador/giron/labotim/HGS-CVRP/Instances/CVRP/CMT12.vrp
134,3,K5C10J3,3,700,20,20,20,5,3,50,0.3,1.3,134,K5C10J3,K5E5C10J3,/home/administrador/giron/labotim/HGS-CVRP/Instances/CVRP/Golden_8.vrp
135,3,K5C10J3,3,700,20,20,20,5,3,50,0.3,1.3,135,K5C10J3,K5E5C10J3,/home/administrador/giron/labotim/HGS-CVRP/Instances/CVRP/X-n266-k58.vrp
136,3,K5C10J3,3,700,20,20,20,5,3,50,0.3,1.3,136,K5C10J3,K5E5C10J3,/home/administrador/giron/labotim/HGS-CVRP/Instances/CVRP/X-n275-k28.vrp
137,3,K5C10J3,3,700,20,20,20,5,3,50,0.3,1.3,137,K5C10J3,K5E5C10J3,/home/administrador/giron/labotim/HGS-CVRP/Instances/CVRP/X-n233-k16.vrp
138,3,K5C10J3,3,700,20,20,20,5,3,50,0.3,1.3,138,K5C10J3,K5E5C10J3,/home/administrador/giron/labotim/HGS-CVRP/Instances/CVRP/X-n228-k23.vrp
139,3,K5C10J3,3,700,20,20,20,5,3,50,0.3,1.3,139,K5C10J3,K5E4C10J3,/home/administrador/giron/labotim/HGS-CVRP/Instances/CVRP/X-n167-k10.vrp
140,3,K5C10J3,3,700,20,20,20,5,3,50,0.3,1.3,140,K5C10J3,K5E4C10J3,/home/administrador/giron/labotim/HGS-CVRP/Instances/CVRP/X-n561-k42.vrp
141,3,K5C10J3,3,700,20,20,20,5,3,50,0.3,1.3,141,K5C10J3,K5E4C10J3,/home/administrador/giron/labotim/HGS-CVRP/Instances/CVRP/X-n876-k59.vrp
142,3,K5C10J3,3,700,20,20,20,5,3,50,0.3,1.3,142,K5C10J3,K5E4C10J3,/home/administrador/giron/labotim/HGS-CVRP/Instances/CVRP/X-n613-k62.vrp
143,3,K5C10J3,3,700,20,20,20,5,3,50,0.3,1.3,143,K5C10J3,K5E4C10J3,/home/administrador/giron/labotim/HGS-CVRP/Instances/CVRP/CMT13.vrp
144,3,K5C10J3,3,700,20,20,20,5,3,50,0.3,1.3,144,K5C10J3,K5E4C10J3,/home/administrador/giron/labotim/HGS-CVRP/Instances/CVRP/X-n801-k40.vrp
145,3,K5C10J3,3,700,20,20,20,5,3,50,0.3,1.3,145,K5C10J3,K5E4C10J3,/home/administrador/giron/labotim/HGS-CVRP/Instances/CVRP/X-n384-k52.vrp
146,3,K5C10J3,3,700,20,20,20,5,3,50,0.3,1.3,146,K5C10J3,K5E4C10J3,/home/administrador/giron/labotim/HGS-CVRP/Instances/CVRP/Golden_16.vrp
147,3,K5C10J3,3,700,20,20,20,5,3,50,0.3,1.3,147,K5C10J3,K5E4C10J3,/home/administrador/giron/labotim/HGS-CVRP/Instances/CVRP/X-n351-k40.vrp
148,3,K5C10J3,3,700,20,20,20,5,3,50,0.3,1.3,148,K5C10J3,K5E4C10J3,/home/administrador/giron/labotim/HGS-CVRP/Instances/CVRP/X-n856-k95.vrp
149,7,K7C15J3,8,500,15,20,20,7,8,150,0.2,1.3,149,K7C15J3,K7E1C15J3,/home/administrador/giron/labotim/HGS-CVRP/Instances/CVRP/Golden_9.vrp
150,7,K7C15J3,8,500,15,20,20,7,8,150,0.2,1.3,150,K7C15J3,K7E1C15J3,/home/administrador/giron/labotim/HGS-CVRP/Instances/CVRP/X-n599-k92.vrp
151,7,K7C15J3,8,500,15,20,20,7,8,150,0.2,1.3,151,K7C15J3,K7E1C15J3,/home/administrador/giron/labotim/HGS-CVRP/Instances/CVRP/X-n280-k17.vrp
152,7,K7C15J3,8,500,15,20,20,7,8,150,0.2,1.3,152,K7C15J3,K7E1C15J3,/home/administrador/giron/labotim/HGS-CVRP/Instances/CVRP/X-n176-k26.vrp
153,7,K7C15J3,8,500,15,20,20,7,8,150,0.2,1.3,153,K7C15J3,K7E1C15J3,/home/administrador/giron/labotim/HGS-CVRP/Instances/CVRP/X-n837-k142.vrp
154,7,K7C15J3,8,500,15,20,20,7,8,150,0.2,1.3,154,K7C15J3,K7E1C15J3,/home/administrador/giron/labotim/HGS-CVRP/Instances/CVRP/X-n524-k153.vrp
155,7,K7C15J3,8,500,15,20,20,7,8,150,0.2,1.3,155,K7C15J3,K7E1C15J3,/home/administrador/giron/labotim/HGS-CVRP/Instances/CVRP/X-n459-k26.vrp
156,7,K7C15J3,8,500,15,20,20,7,8,150,0.2,1.3,156,K7C15J3,K7E1C15J3,/home/administrador/giron/labotim/HGS-CVRP/Instances/CVRP/X-n876-k59.vrp
157,7,K7C15J3,8,500,15,20,20,7,8,150,0.2,1.3,157,K7C15J3,K7E1C15J3,/home/administrador/giron/labotim/HGS-CVRP/Instances/CVRP/Golden_10.vrp
158,7,K7C15J3,8,500,15,20,20,7,8,150,0.2,1.3,158,K7C15J3,K7E1C15J3,/home/administrador/giron/labotim/HGS-CVRP/Instances/CVRP/Golden_5.vrp
159,7,K7C15J3,8,500,15,20,20,7,8,150,0.2,1.3,159,K7C15J3,K7E1C15J3,/home/administrador/giron/labotim/HGS-CVRP/Instances/CVRP/X-n480-k70.vrp
160,7,K7C15J3,8,500,15,20,20,7,8,150,0.2,1.3,160,K7C15J3,K7E1C15J3,/home/administrador/giron/labotim/HGS-CVRP/Instances/CVRP/X-n359-k29.vrp
161,7,K7C15J3,8,500,15,20,20,7,8,150,0.2,1.3,161,K7C15J3,K7E1C15J3,/home/administrador/giron/labotim/HGS-CVRP/Instances/CVRP/X-n256-k16.vrp
162,7,K7C15J3,8,500,15,20,20,7,8,150,0.2,1.3,162,K7C15J3,K7E1C15J3,/home/administrador/giron/labotim/HGS-CVRP/Instances/CVRP/X-n270-k35.vrp
163,7,K7C15J3,8,500,15,20,20,7,8,150,0.2,1.3,163,K7C15J3,K7E1C15J3,/home/administrador/giron/labotim/HGS-CVRP/Instances/CVRP/X-n129-k18.vrp
164,7,K7C15J3,8,500,15,20,20,7,8,150,0.2,1.3,164,K7C15J3,K7E3C15J3,/home/administrador/giron/labotim/HGS-CVRP/Instances/CVRP/X-n548-k50.vrp
165,7,K7C15J3,8,500,15,20,20,7,8,150,0.2,1.3,165,K7C15J3,K7E3C15J3,/home/administrador/giron/labotim/HGS-CVRP/Instances/CVRP/X-n685-k75.vrp
166,7,K7C15J3,8,500,15,20,20,7,8,150,0.2,1.3,166,K7C15J3,K7E3C15J3,/home/administrador/giron/labotim/HGS-CVRP/Instances/CVRP/X-n819-k171.vrp
167,7,K7C15J3,8,500,15,20,20,7,8,150,0.2,1.3,167,K7C15J3,K7E3C15J3,/home/administrador/giron/labotim/HGS-CVRP/Instances/CVRP/X-n120-k6.vrp
168,7,K7C15J3,8,500,15,20,20,7,8,150,0.2,1.3,168,K7C15J3,K7E3C15J3,/home/administrador/giron/labotim/HGS-CVRP/Instances/CVRP/X-n801-k40.vrp
169,7,K7C15J3,8,500,15,20,20,7,8,150,0.2,1.3,169,K7C15J3,K7E3C15J3,/home/administrador/giron/labotim/HGS-CVRP/Instances/CVRP/X-n439-k37.vrp
170,7,K7C15J3,8,500,15,20,20,7,8,150,0.2,1.3,170,K7C15J3,K7E3C15J3,/home/administrador/giron/labotim/HGS-CVRP/Instances/CVRP/X-n322-k28.vrp
171,7,K7C15J3,8,500,15,20,20,7,8,150,0.2,1.3,171,K7C15J3,K7E3C15J3,/home/administrador/giron/labotim/HGS-CVRP/Instances/CVRP/X-n344-k43.vrp
172,7,K7C15J3,8,500,15,20,20,7,8,150,0.2,1.3,172,K7C15J3,K7E3C15J3,/home/administrador/giron/labotim/HGS-CVRP/Instances/CVRP/X-n298-k31.vrp
173,7,K7C15J3,8,500,15,20,20,7,8,150,0.2,1.3,173,K7C15J3,K7E3C15J3,/home/administrador/giron/labotim/HGS-CVRP/Instances/CVRP/X-n336-k84.vrp
174,7,K7C15J3,8,500,15,20,20,7,8,150,0.2,1.3,174,K7C15J3,K7E3C15J3,/home/administrador/giron/labotim/HGS-CVRP/Instances/CVRP/X-n957-k87.vrp
175,7,K7C15J3,8,500,15,20,20,7,8,150,0.2,1.3,175,K7C15J3,K7E3C15J3,/home/administrador/giron/labotim/HGS-CVRP/Instances/CVRP/X-n376-k94.vrp
176,7,K7C15J3,8,500,15,20,20,7,8,150,0.2,1.3,176,K7C15J3,K7E3C15J3,/home/administrador/giron/labotim/HGS-CVRP/Instances/CVRP/X-n143-k7.vrp
177,7,K7C15J3,8,500,15,20,20,7,8,150,0.2,1.3,177,K7C15J3,K7E3C15J3,/home/administrador/giron/labotim/HGS-CVRP/Instances/CVRP/X-n573-k30.vrp
178,7,K7C15J3,8,500,15,20,20,7,8,150,0.2,1.3,178,K7C15J3,K7E3C15J3,/home/administrador/giron/labotim/HGS-CVRP/Instances/CVRP/CMT2.vrp
179,7,K7C15J3,8,500,15,20,20,7,8,150,0.2,1.3,179,K7C15J3,K7E2C15J3,/home/administrador/giron/labotim/HGS-CVRP/Instances/CVRP/Golden_16.vrp
180,7,K7C15J3,8,500,15,20,20,7,8,150,0.2,1.3,180,K7C15J3,K7E2C15J3,/home/administrador/giron/labotim/HGS-CVRP/Instances/CVRP/X-n275-k28.vrp
181,7,K7C15J3,8,500,15,20,20,7,8,150,0.2,1.3,181,K7C15J3,K7E2C15J3,/home/administrador/giron/labotim/HGS-CVRP/Instances/CVRP/Golden_18.vrp
182,7,K7C15J3,8,500,15,20,20,7,8,150,0.2,1.3,182,K7C15J3,K7E2C15J3,/home/administrador/giron/labotim/HGS-CVRP/Instances/CVRP/CMT4.vrp
183,7,K7C15J3,8,500,15,20,20,7,8,150,0.2,1.3,183,K7C15J3,K7E2C15J3,/home/administrador/giron/labotim/HGS-CVRP/Instances/CVRP/X-n393-k38.vrp
184,7,K7C15J3,8,500,15,20,20,7,8,150,0.2,1.3,184,K7C15J3,K7E2C15J3,/home/administrador/giron/labotim/HGS-CVRP/Instances/CVRP/X-n228-k23.vrp
185,7,K7C15J3,8,500,15,20,20,7,8,150,0.2,1.3,185,K7C15J3,K7E2C15J3,/home/administrador/giron/labotim/HGS-CVRP/Instances/CVRP/X-n716-k35.vrp
186,7,K7C15J3,8,500,15,20,20,7,8,150,0.2,1.3,186,K7C15J3,K7E2C15J3,/home/administrador/giron/labotim/HGS-CVRP/Instances/CVRP/X-n266-k58.vrp
187,7,K7C15J3,8,500,15,20,20,7,8,150,0.2,1.3,187,K7C15J3,K7E2C15J3,/home/administrador/giron/labotim/HGS-CVRP/Instances/CVRP/X-n641-k35.vrp
188,7,K7C15J3,8,500,15,20,20,7,8,150,0.2,1.3,188,K7C15J3,K7E2C15J3,/home/administrador/giron/labotim/HGS-CVRP/Instances/CVRP/X-n411-k19.vrp
189,7,K7C15J3,8,500,15,20,20,7,8,150,0.2,1.3,189,K7C15J3,K7E2C15J3,/home/administrador/giron/labotim/HGS-CVRP/Instances/CVRP/X-n139-k10.vrp
190,7,K7C15J3,8,500,15,20,20,7,8,150,0.2,1.3,190,K7C15J3,K7E2C15J3,/home/administrador/giron/labotim/HGS-CVRP/Instances/CVRP/X-n237-k14.vrp
191,7,K7C15J3,8,500,15,20,20,7,8,150,0.2,1.3,191,K7C15J3,K7E2C15J3,/home/administrador/giron/labotim/HGS-CVRP/Instances/CVRP/X-n134-k13.vrp
192,7,K7C15J3,8,500,15,20,20,7,8,150,0.2,1.3,192,K7C15J3,K7E2C15J3,/home/administrador/giron/labotim/HGS-CVRP/Instances/CVRP/X-n561-k42.vrp
193,7,K7C15J3,8,500,15,20,20,7,8,150,0.2,1.3,193,K7C15J3,K7E2C15J3,/home/administrador/giron/labotim/HGS-CVRP/Instances/CVRP/X-n186-k15.vrp
194,7,K7C15J3,8,500,15,20,20,7,8,150,0.2,1.3,194,K7C15J3,K7E7C15J3,/home/administrador/giron/labotim/HGS-CVRP/Instances/CVRP/X-n214-k11.vrp
195,7,K7C15J3,8,500,15,20,20,7,8,150,0.2,1.3,195,K7C15J3,K7E7C15J3,/home/administrador/giron/labotim/HGS-CVRP/Instances/CVRP/X-n502-k39.vrp
196,7,K7C15J3,8,500,15,20,20,7,8,150,0.2,1.3,196,K7C15J3,K7E7C15J3,/home/administrador/giron/labotim/HGS-CVRP/Instances/CVRP/X-n367-k17.vrp
197,7,K7C15J3,8,500,15,20,20,7,8,150,0.2,1.3,197,K7C15J3,K7E7C15J3,/home/administrador/giron/labotim/HGS-CVRP/Instances/CVRP/X-n162-k11.vrp
198,7,K7C15J3,8,500,15,20,20,7,8,150,0.2,1.3,198,K7C15J3,K7E7C15J3,/home/administrador/giron/labotim/HGS-CVRP/Instances/CVRP/CMT1.vrp
199,7,K7C15J3,8,500,15,20,20,7,8,150,0.2,1.3,199,K7C15J3,K7E7C15J3,/home/administrador/giron/labotim/HGS-CVRP/Instances/CVRP/X-n733-k159.vrp
200,7,K7C15J3,8,500,15,20,20,7,8,150,0.2,1.3,200,K7C15J3,K7E7C15J3,/home/administrador/giron/labotim/HGS-CVRP/Instances/CVRP/X-n469-k138.vrp
201,7,K7C15J3,8,500,15,20,20,7,8,150,0.2,1.3,201,K7C15J3,K7E7C15J3,/home/administrador/giron/labotim/HGS-CVRP/Instances/CVRP/CMT14.vrp
202,7,K7C15J3,8,500,15,20,20,7,8,150,0.2,1.3,202,K7C15J3,K7E7C15J3,/home/administrador/giron/labotim/HGS-CVRP/Instances/CVRP/Golden_17.vrp
203,7,K7C15J3,8,500,15,20,20,7,8,150,0.2,1.3,203,K7C15J3,K7E7C15J3,/home/administrador/giron/labotim/HGS-CVRP/Instances/CVRP/X-n233-k16.vrp
204,7,K7C15J3,8,500,15,20,20,7,8,150,0.2,1.3,204,K7C15J3,K7E7C15J3,/home/administrador/giron/labotim/HGS-CVRP/Instances/CVRP/X-n895-k37.vrp
205,7,K7C15J3,8,500,15,20,20,7,8,150,0.2,1.3,205,K7C15J3,K7E7C15J3,/home/administrador/giron/labotim/HGS-CVRP/Instances/CVRP/X-n586-k159.vrp
206,7,K7C15J3,8,500,15,20,20,7,8,150,0.2,1.3,206,K7C15J3,K7E7C15J3,/home/administrador/giron/labotim/HGS-CVRP/Instances/CVRP/X-n251-k28.vrp
207,7,K7C15J3,8,500,15,20,20,7,8,150,0.2,1.3,207,K7C15J3,K7E7C15J3,/home/administrador/giron/labotim/HGS-CVRP/Instances/CVRP/X-n783-k48.vrp
208,7,K7C15J3,8,500,15,20,20,7,8,150,0.2,1.3,208,K7C15J3,K7E7C15J3,/home/administrador/giron/labotim/HGS-CVRP/Instances/CVRP/X-n125-k30.vrp
209,7,K7C15J3,8,500,15,20,20,7,8,150,0.2,1.3,209,K7C15J3,K7E4C15J3,/home/administrador/giron/labotim/HGS-CVRP/Instances/CVRP/X-n289-k60.vrp
210,7,K7C15J3,8,500,15,20,20,7,8,150,0.2,1.3,210,K7C15J3,K7E4C15J3,/home/administrador/giron/labotim/HGS-CVRP/Instances/CVRP/Golden_3.vrp
211,7,K7C15J3,8,500,15,20,20,7,8,150,0.2,1.3,211,K7C15J3,K7E4C15J3,/home/administrador/giron/labotim/HGS-CVRP/Instances/CVRP/X-n613-k62.vrp
212,7,K7C15J3,8,500,15,20,20,7,8,150,0.2,1.3,212,K7C15J3,K7E4C15J3,/home/administrador/giron/labotim/HGS-CVRP/Instances/CVRP/X-n172-k51.vrp
213,7,K7C15J3,8,500,15,20,20,7,8,150,0.2,1.3,213,K7C15J3,K7E4C15J3,/home/administrador/giron/labotim/HGS-CVRP/Instances/CVRP/X-n303-k21.vrp
214,7,K7C15J3,8,500,15,20,20,7,8,150,0.2,1.3,214,K7C15J3,K7E4C15J3,/home/administrador/giron/labotim/HGS-CVRP/Instances/CVRP/X-n110-k13.vrp
215,7,K7C15J3,8,500,15,20,20,7,8,150,0.2,1.3,215,K7C15J3,K7E4C15J3,/home/administrador/giron/labotim/HGS-CVRP/Instances/CVRP/X-n190-k8.vrp
216,7,K7C15J3,8,500,15,20,20,7,8,150,0.2,1.3,216,K7C15J3,K7E4C15J3,/home/administrador/giron/labotim/HGS-CVRP/Instances/CVRP/X-n223-k34.vrp
217,7,K7C15J3,8,500,15,20,20,7,8,150,0.2,1.3,217,K7C15J3,K7E4C15J3,/home/administrador/giron/labotim/HGS-CVRP/Instances/CVRP/X-n317-k53.vrp
218,7,K7C15J3,8,500,15,20,20,7,8,150,0.2,1.3,218,K7C15J3,K7E4C15J3,/home/administrador/giron/labotim/HGS-CVRP/Instances/CVRP/X-n655-k131.vrp
219,7,K7C15J3,8,500,15,20,20,7,8,150,0.2,1.3,219,K7C15J3,K7E4C15J3,/home/administrador/giron/labotim/HGS-CVRP/Instances/CVRP/CMT9.vrp
220,7,K7C15J3,8,500,15,20,20,7,8,150,0.2,1.3,220,K7C15J3,K7E4C15J3,/home/administrador/giron/labotim/HGS-CVRP/Instances/CVRP/Golden_1.vrp
221,7,K7C15J3,8,500,15,20,20,7,8,150,0.2,1.3,221,K7C15J3,K7E4C15J3,/home/administrador/giron/labotim/HGS-CVRP/Instances/CVRP/Golden_2.vrp
222,7,K7C15J3,8,500,15,20,20,7,8,150,0.2,1.3,222,K7C15J3,K7E4C15J3,/home/administrador/giron/labotim/HGS-CVRP/Instances/CVRP/X-n148-k46.vrp
223,7,K7C15J3,8,500,15,20,20,7,8,150,0.2,1.3,223,K7C15J3,K7E4C15J3,/home/administrador/giron/labotim/HGS-CVRP/Instances/CVRP/X-n936-k151.vrp
224,7,K7C15J3,8,500,15,20,20,7,8,150,0.2,1.3,224,K7C15J3,K7E5C15J3,/home/administrador/giron/labotim/HGS-CVRP/Instances/CVRP/CMT5.vrp
225,7,K7C15J3,8,500,15,20,20,7,8,150,0.2,1.3,225,K7C15J3,K7E5C15J3,/home/administrador/giron/labotim/HGS-CVRP/Instances/CVRP/CMT8.vrp
226,7,K7C15J3,8,500,15,20,20,7,8,150,0.2,1.3,226,K7C15J3,K7E5C15J3,/home/administrador/giron/labotim/HGS-CVRP/Instances/CVRP/X-n536-k96.vrp
227,7,K7C15J3,8,500,15,20,20,7,8,150,0.2,1.3,227,K7C15J3,K7E5C15J3,/home/administrador/giron/labotim/HGS-CVRP/Instances/CVRP/X-n449-k29.vrp
228,7,K7C15J3,8,500,15,20,20,7,8,150,0.2,1.3,228,K7C15J3,K7E5C15J3,/home/administrador/giron/labotim/HGS-CVRP/Instances/CVRP/X-n627-k43.vrp
229,7,K7C15J3,8,500,15,20,20,7,8,150,0.2,1.3,229,K7C15J3,K7E5C15J3,/home/administrador/giron/labotim/HGS-CVRP/Instances/CVRP/X-n916-k207.vrp
230,7,K7C15J3,8,500,15,20,20,7,8,150,0.2,1.3,230,K7C15J3,K7E5C15J3,/home/administrador/giron/labotim/HGS-CVRP/Instances/CVRP/X-n167-k10.vrp
231,7,K7C15J3,8,500,15,20,20,7,8,150,0.2,1.3,231,K7C15J3,K7E5C15J3,/home/administrador/giron/labotim/HGS-CVRP/Instances/CVRP/X-n701-k44.vrp
232,7,K7C15J3,8,500,15,20,20,7,8,150,0.2,1.3,232,K7C15J3,K7E5C15J3,/home/administrador/giron/labotim/HGS-CVRP/Instances/CVRP/X-n331-k15.vrp
233,7,K7C15J3,8,500,15,20,20,7,8,150,0.2,1.3,233,K7C15J3,K7E5C15J3,/home/administrador/giron/labotim/HGS-CVRP/Instances/CVRP/X-n766-k71.vrp
234,7,K7C15J3,8,500,15,20,20,7,8,150,0.2,1.3,234,K7C15J3,K7E5C15J3,/home/administrador/giron/labotim/HGS-CVRP/Instances/CVRP/X-n247-k50.vrp
235,7,K7C15J3,8,500,15,20,20,7,8,150,0.2,1.3,235,K7C15J3,K7E5C15J3,/home/administrador/giron/labotim/HGS-CVRP/Instances/CVRP/X-n384-k52.vrp
236,7,K7C15J3,8,500,15,20,20,7,8,150,0.2,1.3,236,K7C15J3,K7E5C15J3,/home/administrador/giron/labotim/HGS-CVRP/Instances/CVRP/X-n204-k19.vrp
237,7,K7C15J3,8,500,15,20,20,7,8,150,0.2,1.3,237,K7C15J3,K7E5C15J3,/home/administrador/giron/labotim/HGS-CVRP/Instances/CVRP/X-n115-k10.vrp
238,7,K7C15J3,8,500,15,20,20,7,8,150,0.2,1.3,238,K7C15J3,K7E5C15J3,/home/administrador/giron/labotim/HGS-CVRP/Instances/CVRP/Golden_7.vrp
239,7,K7C15J3,8,500,15,20,20,7,8,150,0.2,1.3,239,K7C15J3,K7E6C15J3,/home/administrador/giron/labotim/HGS-CVRP/Instances/CVRP/X-n749-k98.vrp
240,7,K7C15J3,8,500,15,20,20,7,8,150,0.2,1.3,240,K7C15J3,K7E6C15J3,/home/administrador/giron/labotim/HGS-CVRP/Instances/CVRP/CMT6.vrp
241,7,K7C15J3,8,500,15,20,20,7,8,150,0.2,1.3,241,K7C15J3,K7E6C15J3,/home/administrador/giron/labotim/HGS-CVRP/Instances/CVRP/Golden_14.vrp
242,7,K7C15J3,8,500,15,20,20,7,8,150,0.2,1.3,242,K7C15J3,K7E6C15J3,/home/administrador/giron/labotim/HGS-CVRP/Instances/CVRP/X-n157-k13.vrp
243,7,K7C15J3,8,500,15,20,20,7,8,150,0.2,1.3,243,K7C15J3,K7E6C15J3,/home/administrador/giron/labotim/HGS-CVRP/Instances/CVRP/X-n261-k13.vrp
244,7,K7C15J3,8,500,15,20,20,7,8,150,0.2,1.3,244,K7C15J3,K7E6C15J3,/home/administrador/giron/labotim/HGS-CVRP/Instances/CVRP/CMT3.vrp
245,7,K7C15J3,8,500,15,20,20,7,8,150,0.2,1.3,245,K7C15J3,K7E6C15J3,/home/administrador/giron/labotim/HGS-CVRP/Instances/CVRP/Golden_19.vrp
246,7,K7C15J3,8,500,15,20,20,7,8,150,0.2,1.3,246,K7C15J3,K7E6C15J3,/home/administrador/giron/labotim/HGS-CVRP/Instances/CVRP/X-n209-k16.vrp
247,7,K7C15J3,8,500,15,20,20,7,8,150,0.2,1.3,247,K7C15J3,K7E6C15J3,/home/administrador/giron/labotim/HGS-CVRP/Instances/CVRP/Golden_8.vrp
248,7,K7C15J3,8,500,15,20,20,7,8,150,0.2,1.3,248,K7C15J3,K7E6C15J3,/home/administrador/giron/labotim/HGS-CVRP/Instances/CVRP/X-n670-k130.vrp
249,7,K7C15J3,8,500,15,20,20,7,8,150,0.2,1.3,249,K7C15J3,K7E6C15J3,/home/administrador/giron/labotim/HGS-CVRP/Instances/CVRP/X-n181-k23.vrp
250,7,K7C15J3,8,500,15,20,20,7,8,150,0.2,1.3,250,K7C15J3,K7E6C15J3,/home/administrador/giron/labotim/HGS-CVRP/Instances/CVRP/Golden_4.vrp
251,7,K7C15J3,8,500,15,20,20,7,8,150,0.2,1.3,251,K7C15J3,K7E6C15J3,/home/administrador/giron/labotim/HGS-CVRP/Instances/CVRP/Golden_12.vrp
252,7,K7C15J3,8,500,15,20,20,7,8,150,0.2,1.3,252,K7C15J3,K7E6C15J3,/home/administrador/giron/labotim/HGS-CVRP/Instances/CVRP/X-n219-k73.vrp
253,7,K7C15J3,8,500,15,20,20,7,8,150,0.2,1.3,253,K7C15J3,K7E6C15J3,/home/administrador/giron/labotim/HGS-CVRP/Instances/CVRP/CMT12.vrp
254,0,K3C10J3,4,500,20,20,20,7,4,50,0.2,1.2,254,K3C10J3,K3E1C10J3,/home/administrador/giron/labotim/HGS-CVRP/Instances/CVRP/Golden_14.vrp
255,0,K3C10J3,4,500,20,20,20,7,4,50,0.2,1.2,255,K3C10J3,K3E1C10J3,/home/administrador/giron/labotim/HGS-CVRP/Instances/CVRP/X-n237-k14.vrp
256,0,K3C10J3,4,500,20,20,20,7,4,50,0.2,1.2,256,K3C10J3,K3E1C10J3,/home/administrador/giron/labotim/HGS-CVRP/Instances/CVRP/X-n115-k10.vrp
257,0,K3C10J3,4,500,20,20,20,7,4,50,0.2,1.2,257,K3C10J3,K3E1C10J3,/home/administrador/giron/labotim/HGS-CVRP/Instances/CVRP/X-n401-k29.vrp
258,0,K3C10J3,4,500,20,20,20,7,4,50,0.2,1.2,258,K3C10J3,K3E1C10J3,/home/administrador/giron/labotim/HGS-CVRP/Instances/CVRP/X-n327-k20.vrp
259,0,K3C10J3,4,500,20,20,20,7,4,50,0.2,1.2,259,K3C10J3,K3E1C10J3,/home/administrador/giron/labotim/HGS-CVRP/Instances/CVRP/X-n429-k61.vrp
260,0,K3C10J3,4,500,20,20,20,7,4,50,0.2,1.2,260,K3C10J3,K3E1C10J3,/home/administrador/giron/labotim/HGS-CVRP/Instances/CVRP/X-n856-k95.vrp
261,0,K3C10J3,4,500,20,20,20,7,4,50,0.2,1.2,261,K3C10J3,K3E1C10J3,/home/administrador/giron/labotim/HGS-CVRP/Instances/CVRP/Golden_5.vrp
262,0,K3C10J3,4,500,20,20,20,7,4,50,0.2,1.2,262,K3C10J3,K3E1C10J3,/home/administrador/giron/labotim/HGS-CVRP/Instances/CVRP/X-n143-k7.vrp
263,0,K3C10J3,4,500,20,20,20,7,4,50,0.2,1.2,263,K3C10J3,K3E1C10J3,/home/administrador/giron/labotim/HGS-CVRP/Instances/CVRP/X-n125-k30.vrp
264,0,K3C10J3,4,500,20,20,20,7,4,50,0.2,1.2,264,K3C10J3,K3E3C10J3,/home/administrador/giron/labotim/HGS-CVRP/Instances/CVRP/X-n491-k59.vrp
265,0,K3C10J3,4,500,20,20,20,7,4,50,0.2,1.2,265,K3C10J3,K3E3C10J3,/home/administrador/giron/labotim/HGS-CVRP/Instances/CVRP/CMT2.vrp
266,0,K3C10J3,4,500,20,20,20,7,4,50,0.2,1.2,266,K3C10J3,K3E3C10J3,/home/administrador/giron/labotim/HGS-CVRP/Instances/CVRP/X-n367-k17.vrp
267,0,K3C10J3,4,500,20,20,20,7,4,50,0.2,1.2,267,K3C10J3,K3E3C10J3,/home/administrador/giron/labotim/HGS-CVRP/Instances/CVRP/X-n916-k207.vrp
268,0,K3C10J3,4,500,20,20,20,7,4,50,0.2,1.2,268,K3C10J3,K3E3C10J3,/home/administrador/giron/labotim/HGS-CVRP/Instances/CVRP/Golden_11.vrp
269,0,K3C10J3,4,500,20,20,20,7,4,50,0.2,1.2,269,K3C10J3,K3E3C10J3,/home/administrador/giron/labotim/HGS-CVRP/Instances/CVRP/X-n420-k130.vrp
270,0,K3C10J3,4,500,20,20,20,7,4,50,0.2,1.2,270,K3C10J3,K3E3C10J3,/home/administrador/giron/labotim/HGS-CVRP/Instances/CVRP/X-n167-k10.vrp
271,0,K3C10J3,4,500,20,20,20,7,4,50,0.2,1.2,271,K3C10J3,K3E3C10J3,/home/administrador/giron/labotim/HGS-CVRP/Instances/CVRP/X-n716-k35.vrp
272,0,K3C10J3,4,500,20,20,20,7,4,50,0.2,1.2,272,K3C10J3,K3E3C10J3,/home/administrador/giron/labotim/HGS-CVRP/Instances/CVRP/CMT10.vrp
273,0,K3C10J3,4,500,20,20,20,7,4,50,0.2,1.2,273,K3C10J3,K3E3C10J3,/home/administrador/giron/labotim/HGS-CVRP/Instances/CVRP/X-n308-k13.vrp
274,0,K3C10J3,4,500,20,20,20,7,4,50,0.2,1.2,274,K3C10J3,K3E2C10J3,/home/administrador/giron/labotim/HGS-CVRP/Instances/CVRP/X-n627-k43.vrp
275,0,K3C10J3,4,500,20,20,20,7,4,50,0.2,1.2,275,K3C10J3,K3E2C10J3,/home/administrador/giron/labotim/HGS-CVRP/Instances/CVRP/CMT8.vrp
276,0,K3C10J3,4,500,20,20,20,7,4,50,0.2,1.2,276,K3C10J3,K3E2C10J3,/home/administrador/giron/labotim/HGS-CVRP/Instances/CVRP/X-n219-k73.vrp
277,0,K3C10J3,4,500,20,20,20,7,4,50,0.2,1.2,277,K3C10J3,K3E2C10J3,/home/administrador/giron/labotim/HGS-CVRP/Instances/CVRP/X-n783-k48.vrp
278,0,K3C10J3,4,500,20,20,20,7,4,50,0.2,1.2,278,K3C10J3,K3E2C10J3,/home/administrador/giron/labotim/HGS-CVRP/Instances/CVRP/Golden_2.vrp
279,0,K3C10J3,4,500,20,20,20,7,4,50,0.2,1.2,279,K3C10J3,K3E2C10J3,/home/administrador/giron/labotim/HGS-CVRP/Instances/CVRP/CMT3.vrp
280,0,K3C10J3,4,500,20,20,20,7,4,50,0.2,1.2,280,K3C10J3,K3E2C10J3,/home/administrador/giron/labotim/HGS-CVRP/Instances/CVRP/X-n176-k26.vrp
281,0,K3C10J3,4,500,20,20,20,7,4,50,0.2,1.2,281,K3C10J3,K3E2C10J3,/home/administrador/giron/labotim/HGS-CVRP/Instances/CVRP/X-n670-k130.vrp
282,0,K3C10J3,4,500,20,20,20,7,4,50,0.2,1.2,282,K3C10J3,K3E2C10J3,/home/administrador/giron/labotim/HGS-CVRP/Instances/CVRP/CMT14.vrp
283,0,K3C10J3,4,500,20,20,20,7,4,50,0.2,1.2,283,K3C10J3,K3E2C10J3,/home/administrador/giron/labotim/HGS-CVRP/Instances/CVRP/X-n172-k51.vrp
284,6,K7C10J3,2,700,20,20,20,5,2,50,0.3,1.2,284,K7C10J3,K7E6C10J3,/home/administrador/giron/labotim/HGS-CVRP/Instances/CVRP/X-n294-k50.vrp
285,6,K7C10J3,2,700,20,20,20,5,2,50,0.3,1.2,285,K7C10J3,K7E6C10J3,/home/administrador/giron/labotim/HGS-CVRP/Instances/CVRP/X-n819-k171.vrp
286,6,K7C10J3,2,700,20,20,20,5,2,50,0.3,1.2,286,K7C10J3,K7E6C10J3,/home/administrador/giron/labotim/HGS-CVRP/Instances/CVRP/X-n524-k153.vrp
287,6,K7C10J3,2,700,20,20,20,5,2,50,0.3,1.2,287,K7C10J3,K7E6C10J3,/home/administrador/giron/labotim/HGS-CVRP/Instances/CVRP/X-n393-k38.vrp
288,6,K7C10J3,2,700,20,20,20,5,2,50,0.3,1.2,288,K7C10J3,K7E6C10J3,/home/administrador/giron/labotim/HGS-CVRP/Instances/CVRP/X-n936-k151.vrp
289,6,K7C10J3,2,700,20,20,20,5,2,50,0.3,1.2,289,K7C10J3,K7E6C10J3,/home/administrador/giron/labotim/HGS-CVRP/Instances/CVRP/X-n1001-k43.vrp
290,6,K7C10J3,2,700,20,20,20,5,2,50,0.3,1.2,290,K7C10J3,K7E6C10J3,/home/administrador/giron/labotim/HGS-CVRP/Instances/CVRP/X-n162-k11.vrp
291,6,K7C10J3,2,700,20,20,20,5,2,50,0.3,1.2,291,K7C10J3,K7E6C10J3,/home/administrador/giron/labotim/HGS-CVRP/Instances/CVRP/X-n157-k13.vrp
292,6,K7C10J3,2,700,20,20,20,5,2,50,0.3,1.2,292,K7C10J3,K7E6C10J3,/home/administrador/giron/labotim/HGS-CVRP/Instances/CVRP/X-n219-k73.vrp
293,6,K7C10J3,2,700,20,20,20,5,2,50,0.3,1.2,293,K7C10J3,K7E6C10J3,/home/administrador/giron/labotim/HGS-CVRP/Instances/CVRP/X-n270-k35.vrp
294,6,K7C10J3,2,700,20,20,20,5,2,50,0.3,1.2,294,K7C10J3,K7E4C10J3,/home/administrador/giron/labotim/HGS-CVRP/Instances/CVRP/X-n957-k87.vrp
295,6,K7C10J3,2,700,20,20,20,5,2,50,0.3,1.2,295,K7C10J3,K7E4C10J3,/home/administrador/giron/labotim/HGS-CVRP/Instances/CVRP/CMT9.vrp
296,6,K7C10J3,2,700,20,20,20,5,2,50,0.3,1.2,296,K7C10J3,K7E4C10J3,/home/administrador/giron/labotim/HGS-CVRP/Instances/CVRP/Golden_4.vrp
297,6,K7C10J3,2,700,20,20,20,5,2,50,0.3,1.2,297,K7C10J3,K7E4C10J3,/home/administrador/giron/labotim/HGS-CVRP/Instances/CVRP/Golden_7.vrp
298,6,K7C10J3,2,700,20,20,20,5,2,50,0.3,1.2,298,K7C10J3,K7E4C10J3,/home/administrador/giron/labotim/HGS-CVRP/Instances/CVRP/CMT12.vrp
299,6,K7C10J3,2,700,20,20,20,5,2,50,0.3,1.2,299,K7C10J3,K7E4C10J3,/home/administrador/giron/labotim/HGS-CVRP/Instances/CVRP/X-n204-k19.vrp
300,6,K7C10J3,2,700,20,20,20,5,2,50,0.3,1.2,300,K7C10J3,K7E4C10J3,/home/administrador/giron/labotim/HGS-CVRP/Instances/CVRP/CMT3.vrp
301,6,K7C10J3,2,700,20,20,20,5,2,50,0.3,1.2,301,K7C10J3,K7E4C10J3,/home/administrador/giron/labotim/HGS-CVRP/Instances/CVRP/X-n367-k17.vrp
302,6,K7C10J3,2,700,20,20,20,5,2,50,0.3,1.2,302,K7C10J3,K7E4C10J3,/home/administrador/giron/labotim/HGS-CVRP/Instances/CVRP/X-n351-k40.vrp
303,6,K7C10J3,2,700,20,20,20,5,2,50,0.3,1.2,303,K7C10J3,K7E4C10J3,/home/administrador/giron/labotim/HGS-CVRP/Instances/CVRP/X-n655-k131.vrp
304,6,K7C10J3,2,700,20,20,20,5,2,50,0.3,1.2,304,K7C10J3,K7E3C10J3,/home/administrador/giron/labotim/HGS-CVRP/Instances/CVRP/X-n214-k11.vrp
305,6,K7C10J3,2,700,20,20,20,5,2,50,0.3,1.2,305,K7C10J3,K7E3C10J3,/home/administrador/giron/labotim/HGS-CVRP/Instances/CVRP/CMT1.vrp
306,6,K7C10J3,2,700,20,20,20,5,2,50,0.3,1.2,306,K7C10J3,K7E3C10J3,/home/administrador/giron/labotim/HGS-CVRP/Instances/CVRP/X-n153-k22.vrp
307,6,K7C10J3,2,700,20,20,20,5,2,50,0.3,1.2,307,K7C10J3,K7E3C10J3,/home/administrador/giron/labotim/HGS-CVRP/Instances/CVRP/X-n284-k15.vrp
308,6,K7C10J3,2,700,20,20,20,5,2,50,0.3,1.2,308,K7C10J3,K7E3C10J3,/home/administrador/giron/labotim/HGS-CVRP/Instances/CVRP/X-n167-k10.vrp
309,6,K7C10J3,2,700,20,20,20,5,2,50,0.3,1.2,309,K7C10J3,K7E3C10J3,/home/administrador/giron/labotim/HGS-CVRP/Instances/CVRP/X-n120-k6.vrp
310,6,K7C10J3,2,700,20,20,20,5,2,50,0.3,1.2,310,K7C10J3,K7E3C10J3,/home/administrador/giron/labotim/HGS-CVRP/Instances/CVRP/X-n289-k60.vrp
311,6,K7C10J3,2,700,20,20,20,5,2,50,0.3,1.2,311,K7C10J3,K7E3C10J3,/home/administrador/giron/labotim/HGS-CVRP/Instances/CVRP/Golden_1.vrp
312,6,K7C10J3,2,700,20,20,20,5,2,50,0.3,1.2,312,K7C10J3,K7E3C10J3,/home/administrador/giron/labotim/HGS-CVRP/Instances/CVRP/X-n195-k51.vrp
313,6,K7C10J3,2,700,20,20,20,5,2,50,0.3,1.2,313,K7C10J3,K7E3C10J3,/home/administrador/giron/labotim/HGS-CVRP/Instances/CVRP/X-n115-k10.vrp
314,6,K7C10J3,2,700,20,20,20,5,2,50,0.3,1.2,314,K7C10J3,K7E5C10J3,/home/administrador/giron/labotim/HGS-CVRP/Instances/CVRP/X-n172-k51.vrp
315,6,K7C10J3,2,700,20,20,20,5,2,50,0.3,1.2,315,K7C10J3,K7E5C10J3,/home/administrador/giron/labotim/HGS-CVRP/Instances/CVRP/X-n242-k48.vrp
316,6,K7C10J3,2,700,20,20,20,5,2,50,0.3,1.2,316,K7C10J3,K7E5C10J3,/home/administrador/giron/labotim/HGS-CVRP/Instances/CVRP/X-n749-k98.vrp
317,6,K7C10J3,2,700,20,20,20,5,2,50,0.3,1.2,317,K7C10J3,K7E5C10J3,/home/administrador/giron/labotim/HGS-CVRP/Instances/CVRP/X-n429-k61.vrp
318,6,K7C10J3,2,700,20,20,20,5,2,50,0.3,1.2,318,K7C10J3,K7E5C10J3,/home/administrador/giron/labotim/HGS-CVRP/Instances/CVRP/X-n134-k13.vrp
319,6,K7C10J3,2,700,20,20,20,5,2,50,0.3,1.2,319,K7C10J3,K7E5C10J3,/home/administrador/giron/labotim/HGS-CVRP/Instances/CVRP/X-n233-k16.vrp
320,6,K7C10J3,2,700,20,20,20,5,2,50,0.3,1.2,320,K7C10J3,K7E5C10J3,/home/administrador/giron/labotim/HGS-CVRP/Instances/CVRP/Golden_17.vrp
321,6,K7C10J3,2,700,20,20,20,5,2,50,0.3,1.2,321,K7C10J3,K7E5C10J3,/home/administrador/giron/labotim/HGS-CVRP/Instances/CVRP/X-n209-k16.vrp
322,6,K7C10J3,2,700,20,20,20,5,2,50,0.3,1.2,322,K7C10J3,K7E5C10J3,/home/administrador/giron/labotim/HGS-CVRP/Instances/CVRP/X-n384-k52.vrp
323,6,K7C10J3,2,700,20,20,20,5,2,50,0.3,1.2,323,K7C10J3,K7E5C10J3,/home/administrador/giron/labotim/HGS-CVRP/Instances/CVRP/X-n223-k34.vrp
324,6,K7C10J3,2,700,20,20,20,5,2,50,0.3,1.2,324,K7C10J3,K7E7C10J3,/home/administrador/giron/labotim/HGS-CVRP/Instances/CVRP/X-n420-k130.vrp
325,6,K7C10J3,2,700,20,20,20,5,2,50,0.3,1.2,325,K7C10J3,K7E7C10J3,/home/administrador/giron/labotim/HGS-CVRP/Instances/CVRP/CMT11.vrp
326,6,K7C10J3,2,700,20,20,20,5,2,50,0.3,1.2,326,K7C10J3,K7E7C10J3,/home/administrador/giron/labotim/HGS-CVRP/Instances/CVRP/X-n190-k8.vrp
327,6,K7C10J3,2,700,20,20,20,5,2,50,0.3,1.2,327,K7C10J3,K7E7C10J3,/home/administrador/giron/labotim/HGS-CVRP/Instances/CVRP/X-n139-k10.vrp
328,6,K7C10J3,2,700,20,20,20,5,2,50,0.3,1.2,328,K7C10J3,K7E7C10J3,/home/administrador/giron/labotim/HGS-CVRP/Instances/CVRP/X-n561-k42.vrp
329,6,K7C10J3,2,700,20,20,20,5,2,50,0.3,1.2,329,K7C10J3,K7E7C10J3,/home/administrador/giron/labotim/HGS-CVRP/Instances/CVRP/Golden_11.vrp
330,6,K7C10J3,2,700,20,20,20,5,2,50,0.3,1.2,330,K7C10J3,K7E7C10J3,/home/administrador/giron/labotim/HGS-CVRP/Instances/CVRP/X-n979-k58.vrp
331,6,K7C10J3,2,700,20,20,20,5,2,50,0.3,1.2,331,K7C10J3,K7E7C10J3,/home/administrador/giron/labotim/HGS-CVRP/Instances/CVRP/Golden_13.vrp
332,6,K7C10J3,2,700,20,20,20,5,2,50,0.3,1.2,332,K7C10J3,K7E7C10J3,/home/administrador/giron/labotim/HGS-CVRP/Instances/CVRP/X-n459-k26.vrp
333,6,K7C10J3,2,700,20,20,20,5,2,50,0.3,1.2,333,K7C10J3,K7E7C10J3,/home/administrador/giron/labotim/HGS-CVRP/Instances/CVRP/X-n125-k30.vrp
334,6,K7C10J3,2,700,20,20,20,5,2,50,0.3,1.2,334,K7C10J3,K7E2C10J3,/home/administrador/giron/labotim/HGS-CVRP/Instances/CVRP/X-n613-k62.vrp
335,6,K7C10J3,2,700,20,20,20,5,2,50,0.3,1.2,335,K7C10J3,K7E2C10J3,/home/administrador/giron/labotim/HGS-CVRP/Instances/CVRP/X-n502-k39.vrp
336,6,K7C10J3,2,700,20,20,20,5,2,50,0.3,1.2,336,K7C10J3,K7E2C10J3,/home/administrador/giron/labotim/HGS-CVRP/Instances/CVRP/X-n280-k17.vrp
337,6,K7C10J3,2,700,20,20,20,5,2,50,0.3,1.2,337,K7C10J3,K7E2C10J3,/home/administrador/giron/labotim/HGS-CVRP/Instances/CVRP/X-n181-k23.vrp
338,6,K7C10J3,2,700,20,20,20,5,2,50,0.3,1.2,338,K7C10J3,K7E2C10J3,/home/administrador/giron/labotim/HGS-CVRP/Instances/CVRP/X-n480-k70.vrp
339,6,K7C10J3,2,700,20,20,20,5,2,50,0.3,1.2,339,K7C10J3,K7E2C10J3,/home/administrador/giron/labotim/HGS-CVRP/Instances/CVRP/X-n186-k15.vrp
340,6,K7C10J3,2,700,20,20,20,5,2,50,0.3,1.2,340,K7C10J3,K7E2C10J3,/home/administrador/giron/labotim/HGS-CVRP/Instances/CVRP/Golden_19.vrp
341,6,K7C10J3,2,700,20,20,20,5,2,50,0.3,1.2,341,K7C10J3,K7E2C10J3,/home/administrador/giron/labotim/HGS-CVRP/Instances/CVRP/Golden_2.vrp
342,6,K7C10J3,2,700,20,20,20,5,2,50,0.3,1.2,342,K7C10J3,K7E2C10J3,/home/administrador/giron/labotim/HGS-CVRP/Instances/CVRP/CMT5.vrp
343,6,K7C10J3,2,700,20,20,20,5,2,50,0.3,1.2,343,K7C10J3,K7E2C10J3,/home/administrador/giron/labotim/HGS-CVRP/Instances/CVRP/X-n627-k43.vrp
344,6,K7C10J3,2,700,20,20,20,5,2,50,0.3,1.2,344,K7C10J3,K7E1C10J3,/home/administrador/giron/labotim/HGS-CVRP/Instances/CVRP/X-n641-k35.vrp
345,6,K7C10J3,2,700,20,20,20,5,2,50,0.3,1.2,345,K7C10J3,K7E1C10J3,/home/administrador/giron/labotim/HGS-CVRP/Instances/CVRP/X-n876-k59.vrp
346,6,K7C10J3,2,700,20,20,20,5,2,50,0.3,1.2,346,K7C10J3,K7E1C10J3,/home/administrador/giron/labotim/HGS-CVRP/Instances/CVRP/X-n303-k21.vrp
347,6,K7C10J3,2,700,20,20,20,5,2,50,0.3,1.2,347,K7C10J3,K7E1C10J3,/home/administrador/giron/labotim/HGS-CVRP/Instances/CVRP/CMT8.vrp
348,6,K7C10J3,2,700,20,20,20,5,2,50,0.3,1.2,348,K7C10J3,K7E1C10J3,/home/administrador/giron/labotim/HGS-CVRP/Instances/CVRP/X-n106-k14.vrp
349,6,K7C10J3,2,700,20,20,20,5,2,50,0.3,1.2,349,K7C10J3,K7E1C10J3,/home/administrador/giron/labotim/HGS-CVRP/Instances/CVRP/X-n411-k19.vrp
350,6,K7C10J3,2,700,20,20,20,5,2,50,0.3,1.2,350,K7C10J3,K7E1C10J3,/home/administrador/giron/labotim/HGS-CVRP/Instances/CVRP/X-n916-k207.vrp
351,6,K7C10J3,2,700,20,20,20,5,2,50,0.3,1.2,351,K7C10J3,K7E1C10J3,/home/administrador/giron/labotim/HGS-CVRP/Instances/CVRP/X-n129-k18.vrp
352,6,K7C10J3,2,700,20,20,20,5,2,50,0.3,1.2,352,K7C10J3,K7E1C10J3,/home/administrador/giron/labotim/HGS-CVRP/Instances/CVRP/X-n261-k13.vrp
353,6,K7C10J3,2,700,20,20,20,5,2,50,0.3,1.2,353,K7C10J3,K7E1C10J3,/home/administrador/giron/labotim/HGS-CVRP/Instances/CVRP/X-n449-k29.vrp
354,8,K7C18J3,9,250,25,20,20,5,9,100,0.3,1.2,354,K7C18J3,K7E4C18J3,/home/administrador/giron/labotim/HGS-CVRP/Instances/CVRP/X-n219-k73.vrp
355,8,K7C18J3,9,250,25,20,20,5,9,100,0.3,1.2,355,K7C18J3,K7E4C18J3,/home/administrador/giron/labotim/HGS-CVRP/Instances/CVRP/X-n237-k14.vrp
356,8,K7C18J3,9,250,25,20,20,5,9,100,0.3,1.2,356,K7C18J3,K7E4C18J3,/home/administrador/giron/labotim/HGS-CVRP/Instances/CVRP/X-n561-k42.vrp
357,8,K7C18J3,9,250,25,20,20,5,9,100,0.3,1.2,357,K7C18J3,K7E4C18J3,/home/administrador/giron/labotim/HGS-CVRP/Instances/CVRP/X-n101-k25.vrp
358,8,K7C18J3,9,250,25,20,20,5,9,100,0.3,1.2,358,K7C18J3,K7E4C18J3,/home/administrador/giron/labotim/HGS-CVRP/Instances/CVRP/X-n270-k35.vrp
359,8,K7C18J3,9,250,25,20,20,5,9,100,0.3,1.2,359,K7C18J3,K7E4C18J3,/home/administrador/giron/labotim/HGS-CVRP/Instances/CVRP/CMT6.vrp
360,8,K7C18J3,9,250,25,20,20,5,9,100,0.3,1.2,360,K7C18J3,K7E4C18J3,/home/administrador/giron/labotim/HGS-CVRP/Instances/CVRP/CMT8.vrp
361,8,K7C18J3,9,250,25,20,20,5,9,100,0.3,1.2,361,K7C18J3,K7E4C18J3,/home/administrador/giron/labotim/HGS-CVRP/Instances/CVRP/Golden_8.vrp
362,8,K7C18J3,9,250,25,20,20,5,9,100,0.3,1.2,362,K7C18J3,K7E4C18J3,/home/administrador/giron/labotim/HGS-CVRP/Instances/CVRP/X-n172-k51.vrp
363,8,K7C18J3,9,250,25,20,20,5,9,100,0.3,1.2,363,K7C18J3,K7E4C18J3,/home/administrador/giron/labotim/HGS-CVRP/Instances/CVRP/Golden_19.vrp
364,8,K7C18J3,9,250,25,20,20,5,9,100,0.3,1.2,364,K7C18J3,K7E4C18J3,/home/administrador/giron/labotim/HGS-CVRP/Instances/CVRP/X-n327-k20.vrp
365,8,K7C18J3,9,250,25,20,20,5,9,100,0.3,1.2,365,K7C18J3,K7E4C18J3,/home/administrador/giron/labotim/HGS-CVRP/Instances/CVRP/X-n266-k58.vrp
366,8,K7C18J3,9,250,25,20,20,5,9,100,0.3,1.2,366,K7C18J3,K7E4C18J3,/home/administrador/giron/labotim/HGS-CVRP/Instances/CVRP/Golden_18.vrp
367,8,K7C18J3,9,250,25,20,20,5,9,100,0.3,1.2,367,K7C18J3,K7E4C18J3,/home/administrador/giron/labotim/HGS-CVRP/Instances/CVRP/X-n701-k44.vrp
368,8,K7C18J3,9,250,25,20,20,5,9,100,0.3,1.2,368,K7C18J3,K7E4C18J3,/home/administrador/giron/labotim/HGS-CVRP/Instances/CVRP/X-n916-k207.vrp
369,8,K7C18J3,9,250,25,20,20,5,9,100,0.3,1.2,369,K7C18J3,K7E4C18J3,/home/administrador/giron/labotim/HGS-CVRP/Instances/CVRP/Golden_4.vrp
370,8,K7C18J3,9,250,25,20,20,5,9,100,0.3,1.2,370,K7C18J3,K7E4C18J3,/home/administrador/giron/labotim/HGS-CVRP/Instances/CVRP/CMT13.vrp
371,8,K7C18J3,9,250,25,20,20,5,9,100,0.3,1.2,371,K7C18J3,K7E4C18J3,/home/administrador/giron/labotim/HGS-CVRP/Instances/CVRP/X-n491-k59.vrp
372,8,K7C18J3,9,250,25,20,20,5,9,100,0.3,1.2,372,K7C18J3,K7E1C18J3,/home/administrador/giron/labotim/HGS-CVRP/Instances/CVRP/X-n195-k51.vrp
373,8,K7C18J3,9,250,25,20,20,5,9,100,0.3,1.2,373,K7C18J3,K7E1C18J3,/home/administrador/giron/labotim/HGS-CVRP/Instances/CVRP/X-n261-k13.vrp
374,8,K7C18J3,9,250,25,20,20,5,9,100,0.3,1.2,374,K7C18J3,K7E1C18J3,/home/administrador/giron/labotim/HGS-CVRP/Instances/CVRP/X-n480-k70.vrp
375,8,K7C18J3,9,250,25,20,20,5,9,100,0.3,1.2,375,K7C18J3,K7E1C18J3,/home/administrador/giron/labotim/HGS-CVRP/Instances/CVRP/X-n420-k130.vrp
376,8,K7C18J3,9,250,25,20,20,5,9,100,0.3,1.2,376,K7C18J3,K7E1C18J3,/home/administrador/giron/labotim/HGS-CVRP/Instances/CVRP/Golden_14.vrp
377,8,K7C18J3,9,250,25,20,20,5,9,100,0.3,1.2,377,K7C18J3,K7E1C18J3,/home/administrador/giron/labotim/HGS-CVRP/Instances/CVRP/X-n280-k17.vrp
378,8,K7C18J3,9,250,25,20,20,5,9,100,0.3,1.2,378,K7C18J3,K7E1C18J3,/home/administrador/giron/labotim/HGS-CVRP/Instances/CVRP/X-n190-k8.vrp
379,8,K7C18J3,9,250,25,20,20,5,9,100,0.3,1.2,379,K7C18J3,K7E1C18J3,/home/administrador/giron/labotim/HGS-CVRP/Instances/CVRP/CMT5.vrp
380,8,K7C18J3,9,250,25,20,20,5,9,100,0.3,1.2,380,K7C18J3,K7E1C18J3,/home/administrador/giron/labotim/HGS-CVRP/Instances/CVRP/X-n317-k53.vrp
381,8,K7C18J3,9,250,25,20,20,5,9,100,0.3,1.2,381,K7C18J3,K7E1C18J3,/home/administrador/giron/labotim/HGS-CVRP/Instances/CVRP/X-n524-k153.vrp
382,8,K7C18J3,9,250,25,20,20,5,9,100,0.3,1.2,382,K7C18J3,K7E1C18J3,/home/administrador/giron/labotim/HGS-CVRP/Instances/CVRP/Golden_15.vrp
383,8,K7C18J3,9,250,25,20,20,5,9,100,0.3,1.2,383,K7C18J3,K7E1C18J3,/home/administrador/giron/labotim/HGS-CVRP/Instances/CVRP/X-n613-k62.vrp
384,8,K7C18J3,9,250,25,20,20,5,9,100,0.3,1.2,384,K7C18J3,K7E1C18J3,/home/administrador/giron/labotim/HGS-CVRP/Instances/CVRP/X-n401-k29.vrp
385,8,K7C18J3,9,250,25,20,20,5,9,100,0.3,1.2,385,K7C18J3,K7E1C18J3,/home/administrador/giron/labotim/HGS-CVRP/Instances/CVRP/X-n204-k19.vrp
386,8,K7C18J3,9,250,25,20,20,5,9,100,0.3,1.2,386,K7C18J3,K7E1C18J3,/home/administrador/giron/labotim/HGS-CVRP/Instances/CVRP/X-n670-k130.vrp
387,8,K7C18J3,9,250,25,20,20,5,9,100,0.3,1.2,387,K7C18J3,K7E1C18J3,/home/administrador/giron/labotim/HGS-CVRP/Instances/CVRP/X-n336-k84.vrp
388,8,K7C18J3,9,250,25,20,20,5,9,100,0.3,1.2,388,K7C18J3,K7E1C18J3,/home/administrador/giron/labotim/HGS-CVRP/Instances/CVRP/X-n223-k34.vrp
389,8,K7C18J3,9,250,25,20,20,5,9,100,0.3,1.2,389,K7C18J3,K7E1C18J3,/home/administrador/giron/labotim/HGS-CVRP/Instances/CVRP/X-n275-k28.vrp
390,8,K7C18J3,9,250,25,20,20,5,9,100,0.3,1.2,390,K7C18J3,K7E5C18J3,/home/administrador/giron/labotim/HGS-CVRP/Instances/CVRP/Golden_2.vrp
391,8,K7C18J3,9,250,25,20,20,5,9,100,0.3,1.2,391,K7C18J3,K7E5C18J3,/home/administrador/giron/labotim/HGS-CVRP/Instances/CVRP/CMT7.vrp
392,8,K7C18J3,9,250,25,20,20,5,9,100,0.3,1.2,392,K7C18J3,K7E5C18J3,/home/administrador/giron/labotim/HGS-CVRP/Instances/CVRP/X-n1001-k43.vrp
393,8,K7C18J3,9,250,25,20,20,5,9,100,0.3,1.2,393,K7C18J3,K7E5C18J3,/home/administrador/giron/labotim/HGS-CVRP/Instances/CVRP/X-n766-k71.vrp
394,8,K7C18J3,9,250,25,20,20,5,9,100,0.3,1.2,394,K7C18J3,K7E5C18J3,/home/administrador/giron/labotim/HGS-CVRP/Instances/CVRP/X-n411-k19.vrp
395,8,K7C18J3,9,250,25,20,20,5,9,100,0.3,1.2,395,K7C18J3,K7E5C18J3,/home/administrador/giron/labotim/HGS-CVRP/Instances/CVRP/X-n536-k96.vrp
396,8,K7C18J3,9,250,25,20,20,5,9,100,0.3,1.2,396,K7C18J3,K7E5C18J3,/home/administrador/giron/labotim/HGS-CVRP/Instances/CVRP/X-n303-k21.vrp
397,8,K7C18J3,9,250,25,20,20,5,9,100,0.3,1.2,397,K7C18J3,K7E5C18J3,/home/administrador/giron/labotim/HGS-CVRP/Instances/CVRP/X-n439-k37.vrp
398,8,K7C18J3,9,250,25,20,20,5,9,100,0.3,1.2,398,K7C18J3,K7E5C18J3,/home/administrador/giron/labotim/HGS-CVRP/Instances/CVRP/X-n186-k15.vrp
399,8,K7C18J3,9,250,25,20,20,5,9,100,0.3,1.2,399,K7C18J3,K7E5C18J3,/home/administrador/giron/labotim/HGS-CVRP/Instances/CVRP/X-n749-k98.vrp
400,8,K7C18J3,9,250,25,20,20,5,9,100,0.3,1.2,400,K7C18J3,K7E5C18J3,/home/administrador/giron/labotim/HGS-CVRP/Instances/CVRP/X-n294-k50.vrp
401,8,K7C18J3,9,250,25,20,20,5,9,100,0.3,1.2,401,K7C18J3,K7E5C18J3,/home/administrador/giron/labotim/HGS-CVRP/Instances/CVRP/X-n513-k21.vrp
402,8,K7C18J3,9,250,25,20,20,5,9,100,0.3,1.2,402,K7C18J3,K7E5C18J3,/home/administrador/giron/labotim/HGS-CVRP/Instances/CVRP/X-n801-k40.vrp
403,8,K7C18J3,9,250,25,20,20,5,9,100,0.3,1.2,403,K7C18J3,K7E5C18J3,/home/administrador/giron/labotim/HGS-CVRP/Instances/CVRP/X-n200-k36.vrp
404,8,K7C18J3,9,250,25,20,20,5,9,100,0.3,1.2,404,K7C18J3,K7E5C18J3,/home/administrador/giron/labotim/HGS-CVRP/Instances/CVRP/X-n367-k17.vrp
405,8,K7C18J3,9,250,25,20,20,5,9,100,0.3,1.2,405,K7C18J3,K7E5C18J3,/home/administrador/giron/labotim/HGS-CVRP/Instances/CVRP/X-n322-k28.vrp
406,8,K7C18J3,9,250,25,20,20,5,9,100,0.3,1.2,406,K7C18J3,K7E5C18J3,/home/administrador/giron/labotim/HGS-CVRP/Instances/CVRP/X-n469-k138.vrp
407,8,K7C18J3,9,250,25,20,20,5,9,100,0.3,1.2,407,K7C18J3,K7E5C18J3,/home/administrador/giron/labotim/HGS-CVRP/Instances/CVRP/X-n284-k15.vrp
408,8,K7C18J3,9,250,25,20,20,5,9,100,0.3,1.2,408,K7C18J3,K7E6C18J3,/home/administrador/giron/labotim/HGS-CVRP/Instances/CVRP/CMT1.vrp
409,8,K7C18J3,9,250,25,20,20,5,9,100,0.3,1.2,409,K7C18J3,K7E6C18J3,/home/administrador/giron/labotim/HGS-CVRP/Instances/CVRP/X-n209-k16.vrp
410,8,K7C18J3,9,250,25,20,20,5,9,100,0.3,1.2,410,K7C18J3,K7E6C18J3,/home/administrador/giron/labotim/HGS-CVRP/Instances/CVRP/X-n957-k87.vrp
411,8,K7C18J3,9,250,25,20,20,5,9,100,0.3,1.2,411,K7C18J3,K7E6C18J3,/home/administrador/giron/labotim/HGS-CVRP/Instances/CVRP/Golden_20.vrp
412,8,K7C18J3,9,250,25,20,20,5,9,100,0.3,1.2,412,K7C18J3,K7E6C18J3,/home/administrador/giron/labotim/HGS-CVRP/Instances/CVRP/X-n106-k14.vrp
413,8,K7C18J3,9,250,25,20,20,5,9,100,0.3,1.2,413,K7C18J3,K7E6C18J3,/home/administrador/giron/labotim/HGS-CVRP/Instances/CVRP/Golden_17.vrp
414,8,K7C18J3,9,250,25,20,20,5,9,100,0.3,1.2,414,K7C18J3,K7E6C18J3,/home/administrador/giron/labotim/HGS-CVRP/Instances/CVRP/X-n115-k10.vrp
415,8,K7C18J3,9,250,25,20,20,5,9,100,0.3,1.2,415,K7C18J3,K7E6C18J3,/home/administrador/giron/labotim/HGS-CVRP/Instances/CVRP/X-n134-k13.vrp
416,8,K7C18J3,9,250,25,20,20,5,9,100,0.3,1.2,416,K7C18J3,K7E6C18J3,/home/administrador/giron/labotim/HGS-CVRP/Instances/CVRP/CMT12.vrp
417,8,K7C18J3,9,250,25,20,20,5,9,100,0.3,1.2,417,K7C18J3,K7E6C18J3,/home/administrador/giron/labotim/HGS-CVRP/Instances/CVRP/X-n573-k30.vrp
418,8,K7C18J3,9,250,25,20,20,5,9,100,0.3,1.2,418,K7C18J3,K7E6C18J3,/home/administrador/giron/labotim/HGS-CVRP/Instances/CVRP/X-n819-k171.vrp
419,8,K7C18J3,9,250,25,20,20,5,9,100,0.3,1.2,419,K7C18J3,K7E6C18J3,/home/administrador/giron/labotim/HGS-CVRP/Instances/CVRP/X-n181-k23.vrp
420,8,K7C18J3,9,250,25,20,20,5,9,100,0.3,1.2,420,K7C18J3,K7E6C18J3,/home/administrador/giron/labotim/HGS-CVRP/Instances/CVRP/X-n120-k6.vrp
421,8,K7C18J3,9,250,25,20,20,5,9,100,0.3,1.2,421,K7C18J3,K7E6C18J3,/home/administrador/giron/labotim/HGS-CVRP/Instances/CVRP/X-n167-k10.vrp
422,8,K7C18J3,9,250,25,20,20,5,9,100,0.3,1.2,422,K7C18J3,K7E6C18J3,/home/administrador/giron/labotim/HGS-CVRP/Instances/CVRP/X-n655-k131.vrp
423,8,K7C18J3,9,250,25,20,20,5,9,100,0.3,1.2,423,K7C18J3,K7E6C18J3,/home/administrador/giron/labotim/HGS-CVRP/Instances/CVRP/CMT14.vrp
424,8,K7C18J3,9,250,25,20,20,5,9,100,0.3,1.2,424,K7C18J3,K7E6C18J3,/home/administrador/giron/labotim/HGS-CVRP/Instances/CVRP/X-n157-k13.vrp
425,8,K7C18J3,9,250,25,20,20,5,9,100,0.3,1.2,425,K7C18J3,K7E6C18J3,/home/administrador/giron/labotim/HGS-CVRP/Instances/CVRP/X-n308-k13.vrp
426,8,K7C18J3,9,250,25,20,20,5,9,100,0.3,1.2,426,K7C18J3,K7E7C18J3,/home/administrador/giron/labotim/HGS-CVRP/Instances/CVRP/Golden_7.vrp
427,8,K7C18J3,9,250,25,20,20,5,9,100,0.3,1.2,427,K7C18J3,K7E7C18J3,/home/administrador/giron/labotim/HGS-CVRP/Instances/CVRP/Golden_10.vrp
428,8,K7C18J3,9,250,25,20,20,5,9,100,0.3,1.2,428,K7C18J3,K7E7C18J3,/home/administrador/giron/labotim/HGS-CVRP/Instances/CVRP/X-n627-k43.vrp
429,8,K7C18J3,9,250,25,20,20,5,9,100,0.3,1.2,429,K7C18J3,K7E7C18J3,/home/administrador/giron/labotim/HGS-CVRP/Instances/CVRP/Golden_16.vrp
430,8,K7C18J3,9,250,25,20,20,5,9,100,0.3,1.2,430,K7C18J3,K7E7C18J3,/home/administrador/giron/labotim/HGS-CVRP/Instances/CVRP/CMT2.vrp
431,8,K7C18J3,9,250,25,20,20,5,9,100,0.3,1.2,431,K7C18J3,K7E7C18J3,/home/administrador/giron/labotim/HGS-CVRP/Instances/CVRP/X-n313-k71.vrp
432,8,K7C18J3,9,250,25,20,20,5,9,100,0.3,1.2,432,K7C18J3,K7E7C18J3,/home/administrador/giron/labotim/HGS-CVRP/Instances/CVRP/X-n548-k50.vrp
433,8,K7C18J3,9,250,25,20,20,5,9,100,0.3,1.2,433,K7C18J3,K7E7C18J3,/home/administrador/giron/labotim/HGS-CVRP/Instances/CVRP/X-n459-k26.vrp
434,8,K7C18J3,9,250,25,20,20,5,9,100,0.3,1.2,434,K7C18J3,K7E7C18J3,/home/administrador/giron/labotim/HGS-CVRP/Instances/CVRP/X-n139-k10.vrp
435,8,K7C18J3,9,250,25,20,20,5,9,100,0.3,1.2,435,K7C18J3,K7E7C18J3,/home/administrador/giron/labotim/HGS-CVRP/Instances/CVRP/CMT4.vrp
436,8,K7C18J3,9,250,25,20,20,5,9,100,0.3,1.2,436,K7C18J3,K7E7C18J3,/home/administrador/giron/labotim/HGS-CVRP/Instances/CVRP/CMT3.vrp
437,8,K7C18J3,9,250,25,20,20,5,9,100,0.3,1.2,437,K7C18J3,K7E7C18J3,/home/administrador/giron/labotim/HGS-CVRP/Instances/CVRP/Golden_3.vrp
438,8,K7C18J3,9,250,25,20,20,5,9,100,0.3,1.2,438,K7C18J3,K7E7C18J3,/home/administrador/giron/labotim/HGS-CVRP/Instances/CVRP/X-n586-k159.vrp
439,8,K7C18J3,9,250,25,20,20,5,9,100,0.3,1.2,439,K7C18J3,K7E7C18J3,/home/administrador/giron/labotim/HGS-CVRP/Instances/CVRP/Golden_12.vrp
440,8,K7C18J3,9,250,25,20,20,5,9,100,0.3,1.2,440,K7C18J3,K7E7C18J3,/home/administrador/giron/labotim/HGS-CVRP/Instances/CVRP/X-n242-k48.vrp
441,8,K7C18J3,9,250,25,20,20,5,9,100,0.3,1.2,441,K7C18J3,K7E7C18J3,/home/administrador/giron/labotim/HGS-CVRP/Instances/CVRP/X-n289-k60.vrp
442,8,K7C18J3,9,250,25,20,20,5,9,100,0.3,1.2,442,K7C18J3,K7E7C18J3,/home/administrador/giron/labotim/HGS-CVRP/Instances/CVRP/X-n449-k29.vrp
443,8,K7C18J3,9,250,25,20,20,5,9,100,0.3,1.2,443,K7C18J3,K7E7C18J3,/home/administrador/giron/labotim/HGS-CVRP/Instances/CVRP/X-n376-k94.vrp
444,8,K7C18J3,9,250,25,20,20,5,9,100,0.3,1.2,444,K7C18J3,K7E3C18J3,/home/administrador/giron/labotim/HGS-CVRP/Instances/CVRP/Golden_11.vrp
445,8,K7C18J3,9,250,25,20,20,5,9,100,0.3,1.2,445,K7C18J3,K7E3C18J3,/home/administrador/giron/labotim/HGS-CVRP/Instances/CVRP/X-n153-k22.vrp
446,8,K7C18J3,9,250,25,20,20,5,9,100,0.3,1.2,446,K7C18J3,K7E3C18J3,/home/administrador/giron/labotim/HGS-CVRP/Instances/CVRP/CMT9.vrp
447,8,K7C18J3,9,250,25,20,20,5,9,100,0.3,1.2,447,K7C18J3,K7E3C18J3,/home/administrador/giron/labotim/HGS-CVRP/Instances/CVRP/X-n979-k58.vrp
448,8,K7C18J3,9,250,25,20,20,5,9,100,0.3,1.2,448,K7C18J3,K7E3C18J3,/home/administrador/giron/labotim/HGS-CVRP/Instances/CVRP/Golden_9.vrp
449,8,K7C18J3,9,250,25,20,20,5,9,100,0.3,1.2,449,K7C18J3,K7E3C18J3,/home/administrador/giron/labotim/HGS-CVRP/Instances/CVRP/X-n129-k18.vrp
450,8,K7C18J3,9,250,25,20,20,5,9,100,0.3,1.2,450,K7C18J3,K7E3C18J3,/home/administrador/giron/labotim/HGS-CVRP/Instances/CVRP/X-n298-k31.vrp
451,8,K7C18J3,9,250,25,20,20,5,9,100,0.3,1.2,451,K7C18J3,K7E3C18J3,/home/administrador/giron/labotim/HGS-CVRP/Instances/CVRP/X-n783-k48.vrp
452,8,K7C18J3,9,250,25,20,20,5,9,100,0.3,1.2,452,K7C18J3,K7E3C18J3,/home/administrador/giron/labotim/HGS-CVRP/Instances/CVRP/X-n359-k29.vrp
453,8,K7C18J3,9,250,25,20,20,5,9,100,0.3,1.2,453,K7C18J3,K7E3C18J3,/home/administrador/giron/labotim/HGS-CVRP/Instances/CVRP/X-n247-k50.vrp
454,8,K7C18J3,9,250,25,20,20,5,9,100,0.3,1.2,454,K7C18J3,K7E3C18J3,/home/administrador/giron/labotim/HGS-CVRP/Instances/CVRP/X-n214-k11.vrp
455,8,K7C18J3,9,250,25,20,20,5,9,100,0.3,1.2,455,K7C18J3,K7E3C18J3,/home/administrador/giron/labotim/HGS-CVRP/Instances/CVRP/X-n733-k159.vrp
456,8,K7C18J3,9,250,25,20,20,5,9,100,0.3,1.2,456,K7C18J3,K7E3C18J3,/home/administrador/giron/labotim/HGS-CVRP/Instances/CVRP/X-n502-k39.vrp
457,8,K7C18J3,9,250,25,20,20,5,9,100,0.3,1.2,457,K7C18J3,K7E3C18J3,/home/administrador/giron/labotim/HGS-CVRP/Instances/CVRP/Golden_5.vrp
458,8,K7C18J3,9,250,25,20,20,5,9,100,0.3,1.2,458,K7C18J3,K7E3C18J3,/home/administrador/giron/labotim/HGS-CVRP/Instances/CVRP/X-n936-k151.vrp
459,8,K7C18J3,9,250,25,20,20,5,9,100,0.3,1.2,459,K7C18J3,K7E3C18J3,/home/administrador/giron/labotim/HGS-CVRP/Instances/CVRP/X-n384-k52.vrp
460,8,K7C18J3,9,250,25,20,20,5,9,100,0.3,1.2,460,K7C18J3,K7E3C18J3,/home/administrador/giron/labotim/HGS-CVRP/Instances/CVRP/X-n344-k43.vrp
461,8,K7C18J3,9,250,25,20,20,5,9,100,0.3,1.2,461,K7C18J3,K7E3C18J3,/home/administrador/giron/labotim/HGS-CVRP/Instances/CVRP/X-n251-k28.vrp
462,8,K7C18J3,9,250,25,20,20,5,9,100,0.3,1.2,462,K7C18J3,K7E2C18J3,/home/administrador/giron/labotim/HGS-CVRP/Instances/CVRP/X-n351-k40.vrp
463,8,K7C18J3,9,250,25,20,20,5,9,100,0.3,1.2,463,K7C18J3,K7E2C18J3,/home/administrador/giron/labotim/HGS-CVRP/Instances/CVRP/X-n143-k7.vrp
464,8,K7C18J3,9,250,25,20,20,5,9,100,0.3,1.2,464,K7C18J3,K7E2C18J3,/home/administrador/giron/labotim/HGS-CVRP/Instances/CVRP/X-n125-k30.vrp
465,8,K7C18J3,9,250,25,20,20,5,9,100,0.3,1.2,465,K7C18J3,K7E2C18J3,/home/administrador/giron/labotim/HGS-CVRP/Instances/CVRP/CMT10.vrp
466,8,K7C18J3,9,250,25,20,20,5,9,100,0.3,1.2,466,K7C18J3,K7E2C18J3,/home/administrador/giron/labotim/HGS-CVRP/Instances/CVRP/X-n685-k75.vrp
467,8,K7C18J3,9,250,25,20,20,5,9,100,0.3,1.2,467,K7C18J3,K7E2C18J3,/home/administrador/giron/labotim/HGS-CVRP/Instances/CVRP/X-n331-k15.vrp
468,8,K7C18J3,9,250,25,20,20,5,9,100,0.3,1.2,468,K7C18J3,K7E2C18J3,/home/administrador/giron/labotim/HGS-CVRP/Instances/CVRP/X-n716-k35.vrp
469,8,K7C18J3,9,250,25,20,20,5,9,100,0.3,1.2,469,K7C18J3,K7E2C18J3,/home/administrador/giron/labotim/HGS-CVRP/Instances/CVRP/X-n641-k35.vrp
470,8,K7C18J3,9,250,25,20,20,5,9,100,0.3,1.2,470,K7C18J3,K7E2C18J3,/home/administrador/giron/labotim/HGS-CVRP/Instances/CVRP/X-n429-k61.vrp
471,8,K7C18J3,9,250,25,20,20,5,9,100,0.3,1.2,471,K7C18J3,K7E2C18J3,/home/administrador/giron/labotim/HGS-CVRP/Instances/CVRP/X-n599-k92.vrp
472,8,K7C18J3,9,250,25,20,20,5,9,100,0.3,1.2,472,K7C18J3,K7E2C18J3,/home/administrador/giron/labotim/HGS-CVRP/Instances/CVRP/X-n895-k37.vrp
473,8,K7C18J3,9,250,25,20,20,5,9,100,0.3,1.2,473,K7C18J3,K7E2C18J3,/home/administrador/giron/labotim/HGS-CVRP/Instances/CVRP/X-n233-k16.vrp
474,8,K7C18J3,9,250,25,20,20,5,9,100,0.3,1.2,474,K7C18J3,K7E2C18J3,/home/administrador/giron/labotim/HGS-CVRP/Instances/CVRP/Golden_1.vrp
475,8,K7C18J3,9,250,25,20,20,5,9,100,0.3,1.2,475,K7C18J3,K7E2C18J3,/home/administrador/giron/labotim/HGS-CVRP/Instances/CVRP/X-n162-k11.vrp
476,8,K7C18J3,9,250,25,20,20,5,9,100,0.3,1.2,476,K7C18J3,K7E2C18J3,/home/administrador/giron/labotim/HGS-CVRP/Instances/CVRP/X-n176-k26.vrp
477,8,K7C18J3,9,250,25,20,20,5,9,100,0.3,1.2,477,K7C18J3,K7E2C18J3,/home/administrador/giron/labotim/HGS-CVRP/Instances/CVRP/X-n876-k59.vrp
478,8,K7C18J3,9,250,25,20,20,5,9,100,0.3,1.2,478,K7C18J3,K7E2C18J3,/home/administrador/giron/labotim/HGS-CVRP/Instances/CVRP/X-n228-k23.vrp
479,8,K7C18J3,9,250,25,20,20,5,9,100,0.3,1.2,479,K7C18J3,K7E2C18J3,/home/administrador/giron/labotim/HGS-CVRP/Instances/CVRP/CMT11.vrp
480,5,K5C18J3,1,250,15,20,20,3,1,100,0.3,1.2,480,K5C18J3,K5E2C18J3,/home/administrador/giron/labotim/HGS-CVRP/Instances/CVRP/X-n308-k13.vrp
481,5,K5C18J3,1,250,15,20,20,3,1,100,0.3,1.2,481,K5C18J3,K5E2C18J3,/home/administrador/giron/labotim/HGS-CVRP/Instances/CVRP/Golden_9.vrp
482,5,K5C18J3,1,250,15,20,20,3,1,100,0.3,1.2,482,K5C18J3,K5E2C18J3,/home/administrador/giron/labotim/HGS-CVRP/Instances/CVRP/X-n916-k207.vrp
483,5,K5C18J3,1,250,15,20,20,3,1,100,0.3,1.2,483,K5C18J3,K5E2C18J3,/home/administrador/giron/labotim/HGS-CVRP/Instances/CVRP/X-n209-k16.vrp
484,5,K5C18J3,1,250,15,20,20,3,1,100,0.3,1.2,484,K5C18J3,K5E2C18J3,/home/administrador/giron/labotim/HGS-CVRP/Instances/CVRP/X-n548-k50.vrp
485,5,K5C18J3,1,250,15,20,20,3,1,100,0.3,1.2,485,K5C18J3,K5E2C18J3,/home/administrador/giron/labotim/HGS-CVRP/Instances/CVRP/CMT14.vrp
486,5,K5C18J3,1,250,15,20,20,3,1,100,0.3,1.2,486,K5C18J3,K5E2C18J3,/home/administrador/giron/labotim/HGS-CVRP/Instances/CVRP/X-n429-k61.vrp
487,5,K5C18J3,1,250,15,20,20,3,1,100,0.3,1.2,487,K5C18J3,K5E2C18J3,/home/administrador/giron/labotim/HGS-CVRP/Instances/CVRP/CMT11.vrp
488,5,K5C18J3,1,250,15,20,20,3,1,100,0.3,1.2,488,K5C18J3,K5E2C18J3,/home/administrador/giron/labotim/HGS-CVRP/Instances/CVRP/CMT10.vrp
489,5,K5C18J3,1,250,15,20,20,3,1,100,0.3,1.2,489,K5C18J3,K5E2C18J3,/home/administrador/giron/labotim/HGS-CVRP/Instances/CVRP/CMT9.vrp
490,5,K5C18J3,1,250,15,20,20,3,1,100,0.3,1.2,490,K5C18J3,K5E2C18J3,/home/administrador/giron/labotim/HGS-CVRP/Instances/CVRP/X-n344-k43.vrp
491,5,K5C18J3,1,250,15,20,20,3,1,100,0.3,1.2,491,K5C18J3,K5E2C18J3,/home/administrador/giron/labotim/HGS-CVRP/Instances/CVRP/X-n701-k44.vrp
492,5,K5C18J3,1,250,15,20,20,3,1,100,0.3,1.2,492,K5C18J3,K5E2C18J3,/home/administrador/giron/labotim/HGS-CVRP/Instances/CVRP/X-n303-k21.vrp
493,5,K5C18J3,1,250,15,20,20,3,1,100,0.3,1.2,493,K5C18J3,K5E2C18J3,/home/administrador/giron/labotim/HGS-CVRP/Instances/CVRP/Golden_18.vrp
494,5,K5C18J3,1,250,15,20,20,3,1,100,0.3,1.2,494,K5C18J3,K5E2C18J3,/home/administrador/giron/labotim/HGS-CVRP/Instances/CVRP/X-n420-k130.vrp
495,5,K5C18J3,1,250,15,20,20,3,1,100,0.3,1.2,495,K5C18J3,K5E2C18J3,/home/administrador/giron/labotim/HGS-CVRP/Instances/CVRP/CMT2.vrp
496,5,K5C18J3,1,250,15,20,20,3,1,100,0.3,1.2,496,K5C18J3,K5E2C18J3,/home/administrador/giron/labotim/HGS-CVRP/Instances/CVRP/X-n936-k151.vrp
497,5,K5C18J3,1,250,15,20,20,3,1,100,0.3,1.2,497,K5C18J3,K5E2C18J3,/home/administrador/giron/labotim/HGS-CVRP/Instances/CVRP/X-n186-k15.vrp
498,5,K5C18J3,1,250,15,20,20,3,1,100,0.3,1.2,498,K5C18J3,K5E3C18J3,/home/administrador/giron/labotim/HGS-CVRP/Instances/CVRP/X-n439-k37.vrp
499,5,K5C18J3,1,250,15,20,20,3,1,100,0.3,1.2,499,K5C18J3,K5E3C18J3,/home/administrador/giron/labotim/HGS-CVRP/Instances/CVRP/X-n480-k70.vrp
500,5,K5C18J3,1,250,15,20,20,3,1,100,0.3,1.2,500,K5C18J3,K5E3C18J3,/home/administrador/giron/labotim/HGS-CVRP/Instances/CVRP/X-n214-k11.vrp
501,5,K5C18J3,1,250,15,20,20,3,1,100,0.3,1.2,501,K5C18J3,K5E3C18J3,/home/administrador/giron/labotim/HGS-CVRP/Instances/CVRP/Golden_8.vrp
502,5,K5C18J3,1,250,15,20,20,3,1,100,0.3,1.2,502,K5C18J3,K5E3C18J3,/home/administrador/giron/labotim/HGS-CVRP/Instances/CVRP/Golden_16.vrp
503,5,K5C18J3,1,250,15,20,20,3,1,100,0.3,1.2,503,K5C18J3,K5E3C18J3,/home/administrador/giron/labotim/HGS-CVRP/Instances/CVRP/Golden_10.vrp
504,5,K5C18J3,1,250,15,20,20,3,1,100,0.3,1.2,504,K5C18J3,K5E3C18J3,/home/administrador/giron/labotim/HGS-CVRP/Instances/CVRP/X-n162-k11.vrp
505,5,K5C18J3,1,250,15,20,20,3,1,100,0.3,1.2,505,K5C18J3,K5E3C18J3,/home/administrador/giron/labotim/HGS-CVRP/Instances/CVRP/X-n143-k7.vrp
506,5,K5C18J3,1,250,15,20,20,3,1,100,0.3,1.2,506,K5C18J3,K5E3C18J3,/home/administrador/giron/labotim/HGS-CVRP/Instances/CVRP/X-n181-k23.vrp
507,5,K5C18J3,1,250,15,20,20,3,1,100,0.3,1.2,507,K5C18J3,K5E3C18J3,/home/administrador/giron/labotim/HGS-CVRP/Instances/CVRP/Golden_19.vrp
508,5,K5C18J3,1,250,15,20,20,3,1,100,0.3,1.2,508,K5C18J3,K5E3C18J3,/home/administrador/giron/labotim/HGS-CVRP/Instances/CVRP/X-n176-k26.vrp
509,5,K5C18J3,1,250,15,20,20,3,1,100,0.3,1.2,509,K5C18J3,K5E3C18J3,/home/administrador/giron/labotim/HGS-CVRP/Instances/CVRP/X-n289-k60.vrp
510,5,K5C18J3,1,250,15,20,20,3,1,100,0.3,1.2,510,K5C18J3,K5E3C18J3,/home/administrador/giron/labotim/HGS-CVRP/Instances/CVRP/X-n401-k29.vrp
511,5,K5C18J3,1,250,15,20,20,3,1,100,0.3,1.2,511,K5C18J3,K5E3C18J3,/home/administrador/giron/labotim/HGS-CVRP/Instances/CVRP/X-n242-k48.vrp
512,5,K5C18J3,1,250,15,20,20,3,1,100,0.3,1.2,512,K5C18J3,K5E3C18J3,/home/administrador/giron/labotim/HGS-CVRP/Instances/CVRP/X-n172-k51.vrp
513,5,K5C18J3,1,250,15,20,20,3,1,100,0.3,1.2,513,K5C18J3,K5E3C18J3,/home/administrador/giron/labotim/HGS-CVRP/Instances/CVRP/X-n449-k29.vrp
514,5,K5C18J3,1,250,15,20,20,3,1,100,0.3,1.2,514,K5C18J3,K5E3C18J3,/home/administrador/giron/labotim/HGS-CVRP/Instances/CVRP/X-n384-k52.vrp
515,5,K5C18J3,1,250,15,20,20,3,1,100,0.3,1.2,515,K5C18J3,K5E3C18J3,/home/administrador/giron/labotim/HGS-CVRP/Instances/CVRP/X-n247-k50.vrp
516,5,K5C18J3,1,250,15,20,20,3,1,100,0.3,1.2,516,K5C18J3,K5E5C18J3,/home/administrador/giron/labotim/HGS-CVRP/Instances/CVRP/X-n256-k16.vrp
517,5,K5C18J3,1,250,15,20,20,3,1,100,0.3,1.2,517,K5C18J3,K5E5C18J3,/home/administrador/giron/labotim/HGS-CVRP/Instances/CVRP/Golden_5.vrp
518,5,K5C18J3,1,250,15,20,20,3,1,100,0.3,1.2,518,K5C18J3,K5E5C18J3,/home/administrador/giron/labotim/HGS-CVRP/Instances/CVRP/CMT12.vrp
519,5,K5C18J3,1,250,15,20,20,3,1,100,0.3,1.2,519,K5C18J3,K5E5C18J3,/home/administrador/giron/labotim/HGS-CVRP/Instances/CVRP/X-n251-k28.vrp
520,5,K5C18J3,1,250,15,20,20,3,1,100,0.3,1.2,520,K5C18J3,K5E5C18J3,/home/administrador/giron/labotim/HGS-CVRP/Instances/CVRP/X-n685-k75.vrp
521,5,K5C18J3,1,250,15,20,20,3,1,100,0.3,1.2,521,K5C18J3,K5E5C18J3,/home/administrador/giron/labotim/HGS-CVRP/Instances/CVRP/X-n157-k13.vrp
522,5,K5C18J3,1,250,15,20,20,3,1,100,0.3,1.2,522,K5C18J3,K5E5C18J3,/home/administrador/giron/labotim/HGS-CVRP/Instances/CVRP/X-n491-k59.vrp
523,5,K5C18J3,1,250,15,20,20,3,1,100,0.3,1.2,523,K5C18J3,K5E5C18J3,/home/administrador/giron/labotim/HGS-CVRP/Instances/CVRP/Golden_13.vrp
524,5,K5C18J3,1,250,15,20,20,3,1,100,0.3,1.2,524,K5C18J3,K5E5C18J3,/home/administrador/giron/labotim/HGS-CVRP/Instances/CVRP/X-n393-k38.vrp
525,5,K5C18J3,1,250,15,20,20,3,1,100,0.3,1.2,525,K5C18J3,K5E5C18J3,/home/administrador/giron/labotim/HGS-CVRP/Instances/CVRP/CMT13.vrp
526,5,K5C18J3,1,250,15,20,20,3,1,100,0.3,1.2,526,K5C18J3,K5E5C18J3,/home/administrador/giron/labotim/HGS-CVRP/Instances/CVRP/X-n627-k43.vrp
527,5,K5C18J3,1,250,15,20,20,3,1,100,0.3,1.2,527,K5C18J3,K5E5C18J3,/home/administrador/giron/labotim/HGS-CVRP/Instances/CVRP/X-n331-k15.vrp
528,5,K5C18J3,1,250,15,20,20,3,1,100,0.3,1.2,528,K5C18J3,K5E5C18J3,/home/administrador/giron/labotim/HGS-CVRP/Instances/CVRP/X-n502-k39.vrp
529,5,K5C18J3,1,250,15,20,20,3,1,100,0.3,1.2,529,K5C18J3,K5E5C18J3,/home/administrador/giron/labotim/HGS-CVRP/Instances/CVRP/Golden_6.vrp
530,5,K5C18J3,1,250,15,20,20,3,1,100,0.3,1.2,530,K5C18J3,K5E5C18J3,/home/administrador/giron/labotim/HGS-CVRP/Instances/CVRP/X-n284-k15.vrp
531,5,K5C18J3,1,250,15,20,20,3,1,100,0.3,1.2,531,K5C18J3,K5E5C18J3,/home/administrador/giron/labotim/HGS-CVRP/Instances/CVRP/X-n561-k42.vrp
532,5,K5C18J3,1,250,15,20,20,3,1,100,0.3,1.2,532,K5C18J3,K5E5C18J3,/home/administrador/giron/labotim/HGS-CVRP/Instances/CVRP/X-n200-k36.vrp
533,5,K5C18J3,1,250,15,20,20,3,1,100,0.3,1.2,533,K5C18J3,K5E5C18J3,/home/administrador/giron/labotim/HGS-CVRP/Instances/CVRP/X-n129-k18.vrp
534,5,K5C18J3,1,250,15,20,20,3,1,100,0.3,1.2,534,K5C18J3,K5E1C18J3,/home/administrador/giron/labotim/HGS-CVRP/Instances/CVRP/X-n313-k71.vrp
535,5,K5C18J3,1,250,15,20,20,3,1,100,0.3,1.2,535,K5C18J3,K5E1C18J3,/home/administrador/giron/labotim/HGS-CVRP/Instances/CVRP/X-n524-k153.vrp
536,5,K5C18J3,1,250,15,20,20,3,1,100,0.3,1.2,536,K5C18J3,K5E1C18J3,/home/administrador/giron/labotim/HGS-CVRP/Instances/CVRP/X-n979-k58.vrp
537,5,K5C18J3,1,250,15,20,20,3,1,100,0.3,1.2,537,K5C18J3,K5E1C18J3,/home/administrador/giron/labotim/HGS-CVRP/Instances/CVRP/X-n280-k17.vrp
538,5,K5C18J3,1,250,15,20,20,3,1,100,0.3,1.2,538,K5C18J3,K5E1C18J3,/home/administrador/giron/labotim/HGS-CVRP/Instances/CVRP/X-n573-k30.vrp
539,5,K5C18J3,1,250,15,20,20,3,1,100,0.3,1.2,539,K5C18J3,K5E1C18J3,/home/administrador/giron/labotim/HGS-CVRP/Instances/CVRP/X-n317-k53.vrp
540,5,K5C18J3,1,250,15,20,20,3,1,100,0.3,1.2,540,K5C18J3,K5E1C18J3,/home/administrador/giron/labotim/HGS-CVRP/Instances/CVRP/Golden_2.vrp
541,5,K5C18J3,1,250,15,20,20,3,1,100,0.3,1.2,541,K5C18J3,K5E1C18J3,/home/administrador/giron/labotim/HGS-CVRP/Instances/CVRP/X-n459-k26.vrp
542,5,K5C18J3,1,250,15,20,20,3,1,100,0.3,1.2,542,K5C18J3,K5E1C18J3,/home/administrador/giron/labotim/HGS-CVRP/Instances/CVRP/X-n228-k23.vrp
543,5,K5C18J3,1,250,15,20,20,3,1,100,0.3,1.2,543,K5C18J3,K5E1C18J3,/home/administrador/giron/labotim/HGS-CVRP/Instances/CVRP/Golden_11.vrp
544,5,K5C18J3,1,250,15,20,20,3,1,100,0.3,1.2,544,K5C18J3,K5E1C18J3,/home/administrador/giron/labotim/HGS-CVRP/Instances/CVRP/X-n322-k28.vrp
545,5,K5C18J3,1,250,15,20,20,3,1,100,0.3,1.2,545,K5C18J3,K5E1C18J3,/home/administrador/giron/labotim/HGS-CVRP/Instances/CVRP/X-n120-k6.vrp
546,5,K5C18J3,1,250,15,20,20,3,1,100,0.3,1.2,546,K5C18J3,K5E1C18J3,/home/administrador/giron/labotim/HGS-CVRP/Instances/CVRP/X-n641-k35.vrp
547,5,K5C18J3,1,250,15,20,20,3,1,100,0.3,1.2,547,K5C18J3,K5E1C18J3,/home/administrador/giron/labotim/HGS-CVRP/Instances/CVRP/X-n957-k87.vrp
548,5,K5C18J3,1,250,15,20,20,3,1,100,0.3,1.2,548,K5C18J3,K5E1C18J3,/home/administrador/giron/labotim/HGS-CVRP/Instances/CVRP/X-n367-k17.vrp
549,5,K5C18J3,1,250,15,20,20,3,1,100,0.3,1.2,549,K5C18J3,K5E1C18J3,/home/administrador/giron/labotim/HGS-CVRP/Instances/CVRP/X-n275-k28.vrp
550,5,K5C18J3,1,250,15,20,20,3,1,100,0.3,1.2,550,K5C18J3,K5E1C18J3,/home/administrador/giron/labotim/HGS-CVRP/Instances/CVRP/Golden_1.vrp
551,5,K5C18J3,1,250,15,20,20,3,1,100,0.3,1.2,551,K5C18J3,K5E1C18J3,/home/administrador/giron/labotim/HGS-CVRP/Instances/CVRP/X-n190-k8.vrp
552,5,K5C18J3,1,250,15,20,20,3,1,100,0.3,1.2,552,K5C18J3,K5E4C18J3,/home/administrador/giron/labotim/HGS-CVRP/Instances/CVRP/CMT5.vrp
553,5,K5C18J3,1,250,15,20,20,3,1,100,0.3,1.2,553,K5C18J3,K5E4C18J3,/home/administrador/giron/labotim/HGS-CVRP/Instances/CVRP/X-n261-k13.vrp
554,5,K5C18J3,1,250,15,20,20,3,1,100,0.3,1.2,554,K5C18J3,K5E4C18J3,/home/administrador/giron/labotim/HGS-CVRP/Instances/CVRP/X-n469-k138.vrp
555,5,K5C18J3,1,250,15,20,20,3,1,100,0.3,1.2,555,K5C18J3,K5E4C18J3,/home/administrador/giron/labotim/HGS-CVRP/Instances/CVRP/CMT6.vrp
556,5,K5C18J3,1,250,15,20,20,3,1,100,0.3,1.2,556,K5C18J3,K5E4C18J3,/home/administrador/giron/labotim/HGS-CVRP/Instances/CVRP/X-n749-k98.vrp
557,5,K5C18J3,1,250,15,20,20,3,1,100,0.3,1.2,557,K5C18J3,K5E4C18J3,/home/administrador/giron/labotim/HGS-CVRP/Instances/CVRP/X-n819-k171.vrp
558,5,K5C18J3,1,250,15,20,20,3,1,100,0.3,1.2,558,K5C18J3,K5E4C18J3,/home/administrador/giron/labotim/HGS-CVRP/Instances/CVRP/X-n376-k94.vrp
559,5,K5C18J3,1,250,15,20,20,3,1,100,0.3,1.2,559,K5C18J3,K5E4C18J3,/home/administrador/giron/labotim/HGS-CVRP/Instances/CVRP/X-n733-k159.vrp
560,5,K5C18J3,1,250,15,20,20,3,1,100,0.3,1.2,560,K5C18J3,K5E4C18J3,/home/administrador/giron/labotim/HGS-CVRP/Instances/CVRP/X-n599-k92.vrp
561,5,K5C18J3,1,250,15,20,20,3,1,100,0.3,1.2,561,K5C18J3,K5E4C18J3,/home/administrador/giron/labotim/HGS-CVRP/Instances/CVRP/X-n766-k71.vrp
562,5,K5C18J3,1,250,15,20,20,3,1,100,0.3,1.2,562,K5C18J3,K5E4C18J3,/home/administrador/giron/labotim/HGS-CVRP/Instances/CVRP/X-n513-k21.vrp
563,5,K5C18J3,1,250,15,20,20,3,1,100,0.3,1.2,563,K5C18J3,K5E4C18J3,/home/administrador/giron/labotim/HGS-CVRP/Instances/CVRP/X-n101-k25.vrp
564,5,K5C18J3,1,250,15,20,20,3,1,100,0.3,1.2,564,K5C18J3,K5E4C18J3,/home/administrador/giron/labotim/HGS-CVRP/Instances/CVRP/Golden_15.vrp
565,5,K5C18J3,1,250,15,20,20,3,1,100,0.3,1.2,565,K5C18J3,K5E4C18J3,/home/administrador/giron/labotim/HGS-CVRP/Instances/CVRP/X-n670-k130.vrp
566,5,K5C18J3,1,250,15,20,20,3,1,100,0.3,1.2,566,K5C18J3,K5E4C18J3,/home/administrador/giron/labotim/HGS-CVRP/Instances/CVRP/Golden_7.vrp
567,5,K5C18J3,1,250,15,20,20,3,1,100,0.3,1.2,567,K5C18J3,K5E4C18J3,/home/administrador/giron/labotim/HGS-CVRP/Instances/CVRP/X-n801-k40.vrp
568,5,K5C18J3,1,250,15,20,20,3,1,100,0.3,1.2,568,K5C18J3,K5E4C18J3,/home/administrador/giron/labotim/HGS-CVRP/Instances/CVRP/X-n266-k58.vrp
569,5,K5C18J3,1,250,15,20,20,3,1,100,0.3,1.2,569,K5C18J3,K5E4C18J3,/home/administrador/giron/labotim/HGS-CVRP/Instances/CVRP/X-n233-k16.vrp
570,4,K5C15J3,1,500,15,20,20,7,1,150,0.4,1.4,570,K5C15J3,K5E5C15J3,/home/administrador/giron/labotim/HGS-CVRP/Instances/CVRP/X-n120-k6.vrp
571,4,K5C15J3,1,500,15,20,20,7,1,150,0.4,1.4,571,K5C15J3,K5E5C15J3,/home/administrador/giron/labotim/HGS-CVRP/Instances/CVRP/X-n284-k15.vrp
572,4,K5C15J3,1,500,15,20,20,7,1,150,0.4,1.4,572,K5C15J3,K5E5C15J3,/home/administrador/giron/labotim/HGS-CVRP/Instances/CVRP/Golden_1.vrp
573,4,K5C15J3,1,500,15,20,20,7,1,150,0.4,1.4,573,K5C15J3,K5E5C15J3,/home/administrador/giron/labotim/HGS-CVRP/Instances/CVRP/X-n289-k60.vrp
574,4,K5C15J3,1,500,15,20,20,7,1,150,0.4,1.4,574,K5C15J3,K5E5C15J3,/home/administrador/giron/labotim/HGS-CVRP/Instances/CVRP/X-n384-k52.vrp
575,4,K5C15J3,1,500,15,20,20,7,1,150,0.4,1.4,575,K5C15J3,K5E5C15J3,/home/administrador/giron/labotim/HGS-CVRP/Instances/CVRP/X-n749-k98.vrp
576,4,K5C15J3,1,500,15,20,20,7,1,150,0.4,1.4,576,K5C15J3,K5E5C15J3,/home/administrador/giron/labotim/HGS-CVRP/Instances/CVRP/X-n411-k19.vrp
577,4,K5C15J3,1,500,15,20,20,7,1,150,0.4,1.4,577,K5C15J3,K5E5C15J3,/home/administrador/giron/labotim/HGS-CVRP/Instances/CVRP/Golden_19.vrp
578,4,K5C15J3,1,500,15,20,20,7,1,150,0.4,1.4,578,K5C15J3,K5E5C15J3,/home/administrador/giron/labotim/HGS-CVRP/Instances/CVRP/CMT10.vrp
579,4,K5C15J3,1,500,15,20,20,7,1,150,0.4,1.4,579,K5C15J3,K5E5C15J3,/home/administrador/giron/labotim/HGS-CVRP/Instances/CVRP/Golden_9.vrp
580,4,K5C15J3,1,500,15,20,20,7,1,150,0.4,1.4,580,K5C15J3,K5E5C15J3,/home/administrador/giron/labotim/HGS-CVRP/Instances/CVRP/X-n200-k36.vrp
581,4,K5C15J3,1,500,15,20,20,7,1,150,0.4,1.4,581,K5C15J3,K5E5C15J3,/home/administrador/giron/labotim/HGS-CVRP/Instances/CVRP/X-n701-k44.vrp
582,4,K5C15J3,1,500,15,20,20,7,1,150,0.4,1.4,582,K5C15J3,K5E5C15J3,/home/administrador/giron/labotim/HGS-CVRP/Instances/CVRP/X-n303-k21.vrp
583,4,K5C15J3,1,500,15,20,20,7,1,150,0.4,1.4,583,K5C15J3,K5E5C15J3,/home/administrador/giron/labotim/HGS-CVRP/Instances/CVRP/X-n256-k16.vrp
584,4,K5C15J3,1,500,15,20,20,7,1,150,0.4,1.4,584,K5C15J3,K5E5C15J3,/home/administrador/giron/labotim/HGS-CVRP/Instances/CVRP/X-n766-k71.vrp
585,4,K5C15J3,1,500,15,20,20,7,1,150,0.4,1.4,585,K5C15J3,K5E3C15J3,/home/administrador/giron/labotim/HGS-CVRP/Instances/CVRP/CMT8.vrp
586,4,K5C15J3,1,500,15,20,20,7,1,150,0.4,1.4,586,K5C15J3,K5E3C15J3,/home/administrador/giron/labotim/HGS-CVRP/Instances/CVRP/X-n513-k21.vrp
587,4,K5C15J3,1,500,15,20,20,7,1,150,0.4,1.4,587,K5C15J3,K5E3C15J3,/home/administrador/giron/labotim/HGS-CVRP/Instances/CVRP/X-n599-k92.vrp
588,4,K5C15J3,1,500,15,20,20,7,1,150,0.4,1.4,588,K5C15J3,K5E3C15J3,/home/administrador/giron/labotim/HGS-CVRP/Instances/CVRP/X-n209-k16.vrp
589,4,K5C15J3,1,500,15,20,20,7,1,150,0.4,1.4,589,K5C15J3,K5E3C15J3,/home/administrador/giron/labotim/HGS-CVRP/Instances/CVRP/CMT14.vrp
590,4,K5C15J3,1,500,15,20,20,7,1,150,0.4,1.4,590,K5C15J3,K5E3C15J3,/home/administrador/giron/labotim/HGS-CVRP/Instances/CVRP/X-n655-k131.vrp
591,4,K5C15J3,1,500,15,20,20,7,1,150,0.4,1.4,591,K5C15J3,K5E3C15J3,/home/administrador/giron/labotim/HGS-CVRP/Instances/CVRP/X-n157-k13.vrp
592,4,K5C15J3,1,500,15,20,20,7,1,150,0.4,1.4,592,K5C15J3,K5E3C15J3,/home/administrador/giron/labotim/HGS-CVRP/Instances/CVRP/X-n261-k13.vrp
593,4,K5C15J3,1,500,15,20,20,7,1,150,0.4,1.4,593,K5C15J3,K5E3C15J3,/home/administrador/giron/labotim/HGS-CVRP/Instances/CVRP/CMT6.vrp
594,4,K5C15J3,1,500,15,20,20,7,1,150,0.4,1.4,594,K5C15J3,K5E3C15J3,/home/administrador/giron/labotim/HGS-CVRP/Instances/CVRP/CMT1.vrp
595,4,K5C15J3,1,500,15,20,20,7,1,150,0.4,1.4,595,K5C15J3,K5E3C15J3,/home/administrador/giron/labotim/HGS-CVRP/Instances/CVRP/X-n1001-k43.vrp
596,4,K5C15J3,1,500,15,20,20,7,1,150,0.4,1.4,596,K5C15J3,K5E3C15J3,/home/administrador/giron/labotim/HGS-CVRP/Instances/CVRP/X-n716-k35.vrp
597,4,K5C15J3,1,500,15,20,20,7,1,150,0.4,1.4,597,K5C15J3,K5E3C15J3,/home/administrador/giron/labotim/HGS-CVRP/Instances/CVRP/X-n233-k16.vrp
598,4,K5C15J3,1,500,15,20,20,7,1,150,0.4,1.4,598,K5C15J3,K5E3C15J3,/home/administrador/giron/labotim/HGS-CVRP/Instances/CVRP/X-n367-k17.vrp
599,4,K5C15J3,1,500,15,20,20,7,1,150,0.4,1.4,599,K5C15J3,K5E3C15J3,/home/administrador/giron/labotim/HGS-CVRP/Instances/CVRP/X-n429-k61.vrp
600,4,K5C15J3,1,500,15,20,20,7,1,150,0.4,1.4,600,K5C15J3,K5E4C15J3,/home/administrador/giron/labotim/HGS-CVRP/Instances/CVRP/X-n502-k39.vrp
601,4,K5C15J3,1,500,15,20,20,7,1,150,0.4,1.4,601,K5C15J3,K5E4C15J3,/home/administrador/giron/labotim/HGS-CVRP/Instances/CVRP/X-n331-k15.vrp
602,4,K5C15J3,1,500,15,20,20,7,1,150,0.4,1.4,602,K5C15J3,K5E4C15J3,/home/administrador/giron/labotim/HGS-CVRP/Instances/CVRP/X-n376-k94.vrp
603,4,K5C15J3,1,500,15,20,20,7,1,150,0.4,1.4,603,K5C15J3,K5E4C15J3,/home/administrador/giron/labotim/HGS-CVRP/Instances/CVRP/X-n670-k130.vrp
604,4,K5C15J3,1,500,15,20,20,7,1,150,0.4,1.4,604,K5C15J3,K5E4C15J3,/home/administrador/giron/labotim/HGS-CVRP/Instances/CVRP/Golden_20.vrp
605,4,K5C15J3,1,500,15,20,20,7,1,150,0.4,1.4,605,K5C15J3,K5E4C15J3,/home/administrador/giron/labotim/HGS-CVRP/Instances/CVRP/X-n275-k28.vrp
606,4,K5C15J3,1,500,15,20,20,7,1,150,0.4,1.4,606,K5C15J3,K5E4C15J3,/home/administrador/giron/labotim/HGS-CVRP/Instances/CVRP/X-n219-k73.vrp
607,4,K5C15J3,1,500,15,20,20,7,1,150,0.4,1.4,607,K5C15J3,K5E4C15J3,/home/administrador/giron/labotim/HGS-CVRP/Instances/CVRP/X-n936-k151.vrp
608,4,K5C15J3,1,500,15,20,20,7,1,150,0.4,1.4,608,K5C15J3,K5E4C15J3,/home/administrador/giron/labotim/HGS-CVRP/Instances/CVRP/X-n106-k14.vrp
609,4,K5C15J3,1,500,15,20,20,7,1,150,0.4,1.4,609,K5C15J3,K5E4C15J3,/home/administrador/giron/labotim/HGS-CVRP/Instances/CVRP/X-n251-k28.vrp
610,4,K5C15J3,1,500,15,20,20,7,1,150,0.4,1.4,610,K5C15J3,K5E4C15J3,/home/administrador/giron/labotim/HGS-CVRP/Instances/CVRP/X-n733-k159.vrp
611,4,K5C15J3,1,500,15,20,20,7,1,150,0.4,1.4,611,K5C15J3,K5E4C15J3,/home/administrador/giron/labotim/HGS-CVRP/Instances/CVRP/Golden_17.vrp
612,4,K5C15J3,1,500,15,20,20,7,1,150,0.4,1.4,612,K5C15J3,K5E4C15J3,/home/administrador/giron/labotim/HGS-CVRP/Instances/CVRP/X-n298-k31.vrp
613,4,K5C15J3,1,500,15,20,20,7,1,150,0.4,1.4,613,K5C15J3,K5E4C15J3,/home/administrador/giron/labotim/HGS-CVRP/Instances/CVRP/X-n685-k75.vrp
614,4,K5C15J3,1,500,15,20,20,7,1,150,0.4,1.4,614,K5C15J3,K5E4C15J3,/home/administrador/giron/labotim/HGS-CVRP/Instances/CVRP/X-n459-k26.vrp
615,4,K5C15J3,1,500,15,20,20,7,1,150,0.4,1.4,615,K5C15J3,K5E2C15J3,/home/administrador/giron/labotim/HGS-CVRP/Instances/CVRP/X-n480-k70.vrp
616,4,K5C15J3,1,500,15,20,20,7,1,150,0.4,1.4,616,K5C15J3,K5E2C15J3,/home/administrador/giron/labotim/HGS-CVRP/Instances/CVRP/Golden_2.vrp
617,4,K5C15J3,1,500,15,20,20,7,1,150,0.4,1.4,617,K5C15J3,K5E2C15J3,/home/administrador/giron/labotim/HGS-CVRP/Instances/CVRP/X-n856-k95.vrp
618,4,K5C15J3,1,500,15,20,20,7,1,150,0.4,1.4,618,K5C15J3,K5E2C15J3,/home/administrador/giron/labotim/HGS-CVRP/Instances/CVRP/X-n115-k10.vrp
619,4,K5C15J3,1,500,15,20,20,7,1,150,0.4,1.4,619,K5C15J3,K5E2C15J3,/home/administrador/giron/labotim/HGS-CVRP/Instances/CVRP/Golden_4.vrp
620,4,K5C15J3,1,500,15,20,20,7,1,150,0.4,1.4,620,K5C15J3,K5E2C15J3,/home/administrador/giron/labotim/HGS-CVRP/Instances/CVRP/Golden_3.vrp
621,4,K5C15J3,1,500,15,20,20,7,1,150,0.4,1.4,621,K5C15J3,K5E2C15J3,/home/administrador/giron/labotim/HGS-CVRP/Instances/CVRP/X-n613-k62.vrp
622,4,K5C15J3,1,500,15,20,20,7,1,150,0.4,1.4,622,K5C15J3,K5E2C15J3,/home/administrador/giron/labotim/HGS-CVRP/Instances/CVRP/X-n627-k43.vrp
623,4,K5C15J3,1,500,15,20,20,7,1,150,0.4,1.4,623,K5C15J3,K5E2C15J3,/home/administrador/giron/labotim/HGS-CVRP/Instances/CVRP/X-n916-k207.vrp
624,4,K5C15J3,1,500,15,20,20,7,1,150,0.4,1.4,624,K5C15J3,K5E2C15J3,/home/administrador/giron/labotim/HGS-CVRP/Instances/CVRP/CMT7.vrp
625,4,K5C15J3,1,500,15,20,20,7,1,150,0.4,1.4,625,K5C15J3,K5E2C15J3,/home/administrador/giron/labotim/HGS-CVRP/Instances/CVRP/X-n294-k50.vrp
626,4,K5C15J3,1,500,15,20,20,7,1,150,0.4,1.4,626,K5C15J3,K5E2C15J3,/home/administrador/giron/labotim/HGS-CVRP/Instances/CVRP/X-n162-k11.vrp
627,4,K5C15J3,1,500,15,20,20,7,1,150,0.4,1.4,627,K5C15J3,K5E2C15J3,/home/administrador/giron/labotim/HGS-CVRP/Instances/CVRP/Golden_5.vrp
628,4,K5C15J3,1,500,15,20,20,7,1,150,0.4,1.4,628,K5C15J3,K5E2C15J3,/home/administrador/giron/labotim/HGS-CVRP/Instances/CVRP/X-n186-k15.vrp
629,4,K5C15J3,1,500,15,20,20,7,1,150,0.4,1.4,629,K5C15J3,K5E2C15J3,/home/administrador/giron/labotim/HGS-CVRP/Instances/CVRP/X-n979-k58.vrp
630,4,K5C15J3,1,500,15,20,20,7,1,150,0.4,1.4,630,K5C15J3,K5E1C15J3,/home/administrador/giron/labotim/HGS-CVRP/Instances/CVRP/X-n469-k138.vrp
631,4,K5C15J3,1,500,15,20,20,7,1,150,0.4,1.4,631,K5C15J3,K5E1C15J3,/home/administrador/giron/labotim/HGS-CVRP/Instances/CVRP/CMT12.vrp
632,4,K5C15J3,1,500,15,20,20,7,1,150,0.4,1.4,632,K5C15J3,K5E1C15J3,/home/administrador/giron/labotim/HGS-CVRP/Instances/CVRP/X-n176-k26.vrp
633,4,K5C15J3,1,500,15,20,20,7,1,150,0.4,1.4,633,K5C15J3,K5E1C15J3,/home/administrador/giron/labotim/HGS-CVRP/Instances/CVRP/X-n837-k142.vrp
634,4,K5C15J3,1,500,15,20,20,7,1,150,0.4,1.4,634,K5C15J3,K5E1C15J3,/home/administrador/giron/labotim/HGS-CVRP/Instances/CVRP/X-n819-k171.vrp
635,4,K5C15J3,1,500,15,20,20,7,1,150,0.4,1.4,635,K5C15J3,K5E1C15J3,/home/administrador/giron/labotim/HGS-CVRP/Instances/CVRP/Golden_12.vrp
636,4,K5C15J3,1,500,15,20,20,7,1,150,0.4,1.4,636,K5C15J3,K5E1C15J3,/home/administrador/giron/labotim/HGS-CVRP/Instances/CVRP/X-n139-k10.vrp
637,4,K5C15J3,1,500,15,20,20,7,1,150,0.4,1.4,637,K5C15J3,K5E1C15J3,/home/administrador/giron/labotim/HGS-CVRP/Instances/CVRP/CMT4.vrp
638,4,K5C15J3,1,500,15,20,20,7,1,150,0.4,1.4,638,K5C15J3,K5E1C15J3,/home/administrador/giron/labotim/HGS-CVRP/Instances/CVRP/X-n536-k96.vrp
639,4,K5C15J3,1,500,15,20,20,7,1,150,0.4,1.4,639,K5C15J3,K5E1C15J3,/home/administrador/giron/labotim/HGS-CVRP/Instances/CVRP/X-n393-k38.vrp
640,4,K5C15J3,1,500,15,20,20,7,1,150,0.4,1.4,640,K5C15J3,K5E1C15J3,/home/administrador/giron/labotim/HGS-CVRP/Instances/CVRP/X-n280-k17.vrp
641,4,K5C15J3,1,500,15,20,20,7,1,150,0.4,1.4,641,K5C15J3,K5E1C15J3,/home/administrador/giron/labotim/HGS-CVRP/Instances/CVRP/Golden_10.vrp
642,4,K5C15J3,1,500,15,20,20,7,1,150,0.4,1.4,642,K5C15J3,K5E1C15J3,/home/administrador/giron/labotim/HGS-CVRP/Instances/CVRP/X-n351-k40.vrp
643,4,K5C15J3,1,500,15,20,20,7,1,150,0.4,1.4,643,K5C15J3,K5E1C15J3,/home/administrador/giron/labotim/HGS-CVRP/Instances/CVRP/X-n148-k46.vrp
644,4,K5C15J3,1,500,15,20,20,7,1,150,0.4,1.4,644,K5C15J3,K5E1C15J3,/home/administrador/giron/labotim/HGS-CVRP/Instances/CVRP/X-n167-k10.vrp
