,Unnamed: 0,Unnamed: 0_x,name,nbIterTraces,nbGranular,mu,lambda,nbElite,nbClose,nbIterPenaltyManagement,targetFeasible,penaltyIncrease,penaltyDecrease,Unnamed: 0_y,hiper_parameter_agg,conj_clientes,instancia,custo
0,0,2,K3C18J2,1,250,25,25,20,5,1,100,0.3,1.2,0,K3C18J2,K3E2C18J2,/home/administrador/giron/labotim/HGS-CVRP/Instances/CVRP/Golden_1.vrp,5809.0
1,1,2,K3C18J2,1,250,25,25,20,5,1,100,0.3,1.2,1,K3C18J2,K3E2C18J2,/home/administrador/giron/labotim/HGS-CVRP/Instances/CVRP/X-n536-k96.vrp,97058.0
2,2,2,K3C18J2,1,250,25,25,20,5,1,100,0.3,1.2,2,K3C18J2,K3E2C18J2,/home/administrador/giron/labotim/HGS-CVRP/Instances/CVRP/X-n641-k35.vrp,66743.0
3,3,2,K3C18J2,1,250,25,25,20,5,1,100,0.3,1.2,3,K3C18J2,K3E2C18J2,/home/administrador/giron/labotim/HGS-CVRP/Instances/CVRP/CMT7.vrp,909.0
4,4,2,K3C18J2,1,250,25,25,20,5,1,100,0.3,1.2,4,K3C18J2,K3E2C18J2,/home/administrador/giron/labotim/HGS-CVRP/Instances/CVRP/CMT11.vrp,1109.0
5,5,2,K3C18J2,1,250,25,25,20,5,1,100,0.3,1.2,5,K3C18J2,K3E2C18J2,/home/administrador/giron/labotim/HGS-CVRP/Instances/CVRP/X-n469-k138.vrp,226066.0
6,6,2,K3C18J2,1,250,25,25,20,5,1,100,0.3,1.2,6,K3C18J2,K3E2C18J2,/home/administrador/giron/labotim/HGS-CVRP/Instances/CVRP/X-n172-k51.vrp,46323.0
7,7,2,K3C18J2,1,250,25,25,20,5,1,100,0.3,1.2,7,K3C18J2,K3E2C18J2,/home/administrador/giron/labotim/HGS-CVRP/Instances/CVRP/X-n153-k22.vrp,21759.0
8,8,2,K3C18J2,1,250,25,25,20,5,1,100,0.3,1.2,8,K3C18J2,K3E2C18J2,/home/administrador/giron/labotim/HGS-CVRP/Instances/CVRP/X-n129-k18.vrp,29829.0
9,9,2,K3C18J2,1,250,25,25,20,5,1,100,0.3,1.2,9,K3C18J2,K3E2C18J2,/home/administrador/giron/labotim/HGS-CVRP/Instances/CVRP/X-n106-k14.vrp,26653.0
10,10,2,K3C18J2,1,250,25,25,20,5,1,100,0.3,1.2,10,K3C18J2,K3E2C18J2,/home/administrador/giron/labotim/HGS-CVRP/Instances/CVRP/X-n237-k14.vrp,27643.0
11,11,2,K3C18J2,1,250,25,25,20,5,1,100,0.3,1.2,11,K3C18J2,K3E2C18J2,/home/administrador/giron/labotim/HGS-CVRP/Instances/CVRP/Golden_8.vrp,11981.0
12,12,2,K3C18J2,1,250,25,25,20,5,1,100,0.3,1.2,12,K3C18J2,K3E2C18J2,/home/administrador/giron/labotim/HGS-CVRP/Instances/CVRP/X-n294-k50.vrp,48682.0
13,13,2,K3C18J2,1,250,25,25,20,5,1,100,0.3,1.2,13,K3C18J2,K3E2C18J2,/home/administrador/giron/labotim/HGS-CVRP/Instances/CVRP/Golden_20.vrp,1911.0
14,14,2,K3C18J2,1,250,25,25,20,5,1,100,0.3,1.2,14,K3C18J2,K3E2C18J2,/home/administrador/giron/labotim/HGS-CVRP/Instances/CVRP/CMT9.vrp,1166.0
15,15,2,K3C18J2,1,250,25,25,20,5,1,100,0.3,1.2,15,K3C18J2,K3E2C18J2,/home/administrador/giron/labotim/HGS-CVRP/Instances/CVRP/X-n181-k23.vrp,25865.0
16,16,2,K3C18J2,1,250,25,25,20,5,1,100,0.3,1.2,16,K3C18J2,K3E2C18J2,/home/administrador/giron/labotim/HGS-CVRP/Instances/CVRP/X-n101-k25.vrp,28124.0
17,17,2,K3C18J2,1,250,25,25,20,5,1,100,0.3,1.2,17,K3C18J2,K3E2C18J2,/home/administrador/giron/labotim/HGS-CVRP/Instances/CVRP/Golden_11.vrp,830.0
18,18,2,K3C18J2,1,250,25,25,20,5,1,100,0.3,1.2,18,K3C18J2,K3E3C18J2,/home/administrador/giron/labotim/HGS-CVRP/Instances/CVRP/X-n548-k50.vrp,88329.0
19,19,2,K3C18J2,1,250,25,25,20,5,1,100,0.3,1.2,19,K3C18J2,K3E3C18J2,/home/administrador/giron/labotim/HGS-CVRP/Instances/CVRP/X-n195-k51.vrp,45064.0
20,20,2,K3C18J2,1,250,25,25,20,5,1,100,0.3,1.2,20,K3C18J2,K3E3C18J2,/home/administrador/giron/labotim/HGS-CVRP/Instances/CVRP/CMT10.vrp,1417.0
21,21,2,K3C18J2,1,250,25,25,20,5,1,100,0.3,1.2,21,K3C18J2,K3E3C18J2,/home/administrador/giron/labotim/HGS-CVRP/Instances/CVRP/X-n561-k42.vrp,44479.0
22,22,2,K3C18J2,1,250,25,25,20,5,1,100,0.3,1.2,22,K3C18J2,K3E3C18J2,/home/administrador/giron/labotim/HGS-CVRP/Instances/CVRP/X-n627-k43.vrp,65207.0
23,23,2,K3C18J2,1,250,25,25,20,5,1,100,0.3,1.2,23,K3C18J2,K3E3C18J2,/home/administrador/giron/labotim/HGS-CVRP/Instances/CVRP/X-n429-k61.vrp,67377.0
24,24,2,K3C18J2,1,250,25,25,20,5,1,100,0.3,1.2,24,K3C18J2,K3E3C18J2,/home/administrador/giron/labotim/HGS-CVRP/Instances/CVRP/X-n876-k59.vrp,102661.0
25,25,2,K3C18J2,1,250,25,25,20,5,1,100,0.3,1.2,25,K3C18J2,K3E3C18J2,/home/administrador/giron/labotim/HGS-CVRP/Instances/CVRP/Golden_6.vrp,8562.0
26,26,2,K3C18J2,1,250,25,25,20,5,1,100,0.3,1.2,26,K3C18J2,K3E3C18J2,/home/administrador/giron/labotim/HGS-CVRP/Instances/CVRP/X-n190-k8.vrp,17378.0
27,27,2,K3C18J2,1,250,25,25,20,5,1,100,0.3,1.2,27,K3C18J2,K3E3C18J2,/home/administrador/giron/labotim/HGS-CVRP/Instances/CVRP/Golden_3.vrp,11381.0
28,28,2,K3C18J2,1,250,25,25,20,5,1,100,0.3,1.2,28,K3C18J2,K3E3C18J2,/home/administrador/giron/labotim/HGS-CVRP/Instances/CVRP/X-n176-k26.vrp,48951.0
29,29,2,K3C18J2,1,250,25,25,20,5,1,100,0.3,1.2,29,K3C18J2,K3E3C18J2,/home/administrador/giron/labotim/HGS-CVRP/Instances/CVRP/X-n139-k10.vrp,13906.0
30,30,2,K3C18J2,1,250,25,25,20,5,1,100,0.3,1.2,30,K3C18J2,K3E3C18J2,/home/administrador/giron/labotim/HGS-CVRP/Instances/CVRP/X-n393-k38.vrp,39744.0
31,31,2,K3C18J2,1,250,25,25,20,5,1,100,0.3,1.2,31,K3C18J2,K3E3C18J2,/home/administrador/giron/labotim/HGS-CVRP/Instances/CVRP/X-n1001-k43.vrp,76978.0
32,32,2,K3C18J2,1,250,25,25,20,5,1,100,0.3,1.2,32,K3C18J2,K3E3C18J2,/home/administrador/giron/labotim/HGS-CVRP/Instances/CVRP/X-n331-k15.vrp,32395.0
33,33,2,K3C18J2,1,250,25,25,20,5,1,100,0.3,1.2,33,K3C18J2,K3E3C18J2,/home/administrador/giron/labotim/HGS-CVRP/Instances/CVRP/X-n670-k130.vrp,
34,34,2,K3C18J2,1,250,25,25,20,5,1,100,0.3,1.2,34,K3C18J2,K3E3C18J2,/home/administrador/giron/labotim/HGS-CVRP/Instances/CVRP/X-n655-k131.vrp,107584.0
35,35,2,K3C18J2,1,250,25,25,20,5,1,100,0.3,1.2,35,K3C18J2,K3E3C18J2,/home/administrador/giron/labotim/HGS-CVRP/Instances/CVRP/X-n701-k44.vrp,85846.0
36,36,2,K3C18J2,1,250,25,25,20,5,1,100,0.3,1.2,36,K3C18J2,K3E1C18J2,/home/administrador/giron/labotim/HGS-CVRP/Instances/CVRP/Golden_4.vrp,14213.0
37,37,2,K3C18J2,1,250,25,25,20,5,1,100,0.3,1.2,37,K3C18J2,K3E1C18J2,/home/administrador/giron/labotim/HGS-CVRP/Instances/CVRP/X-n336-k84.vrp,142869.0
38,38,2,K3C18J2,1,250,25,25,20,5,1,100,0.3,1.2,38,K3C18J2,K3E1C18J2,/home/administrador/giron/labotim/HGS-CVRP/Instances/CVRP/X-n459-k26.vrp,25355.0
39,39,2,K3C18J2,1,250,25,25,20,5,1,100,0.3,1.2,39,K3C18J2,K3E1C18J2,/home/administrador/giron/labotim/HGS-CVRP/Instances/CVRP/Golden_2.vrp,8561.0
40,40,2,K3C18J2,1,250,25,25,20,5,1,100,0.3,1.2,40,K3C18J2,K3E1C18J2,/home/administrador/giron/labotim/HGS-CVRP/Instances/CVRP/X-n384-k52.vrp,67997.0
41,41,2,K3C18J2,1,250,25,25,20,5,1,100,0.3,1.2,41,K3C18J2,K3E1C18J2,/home/administrador/giron/labotim/HGS-CVRP/Instances/CVRP/CMT14.vrp,867.0
42,42,2,K3C18J2,1,250,25,25,20,5,1,100,0.3,1.2,42,K3C18J2,K3E1C18J2,/home/administrador/giron/labotim/HGS-CVRP/Instances/CVRP/X-n308-k13.vrp,26806.0
43,43,2,K3C18J2,1,250,25,25,20,5,1,100,0.3,1.2,43,K3C18J2,K3E1C18J2,/home/administrador/giron/labotim/HGS-CVRP/Instances/CVRP/X-n801-k40.vrp,75922.0
44,44,2,K3C18J2,1,250,25,25,20,5,1,100,0.3,1.2,44,K3C18J2,K3E1C18J2,/home/administrador/giron/labotim/HGS-CVRP/Instances/CVRP/X-n186-k15.vrp,24739.0
45,45,2,K3C18J2,1,250,25,25,20,5,1,100,0.3,1.2,45,K3C18J2,K3E1C18J2,/home/administrador/giron/labotim/HGS-CVRP/Instances/CVRP/X-n766-k71.vrp,119031.0
46,46,2,K3C18J2,1,250,25,25,20,5,1,100,0.3,1.2,46,K3C18J2,K3E1C18J2,/home/administrador/giron/labotim/HGS-CVRP/Instances/CVRP/X-n125-k30.vrp,56901.0
47,47,2,K3C18J2,1,250,25,25,20,5,1,100,0.3,1.2,47,K3C18J2,K3E1C18J2,/home/administrador/giron/labotim/HGS-CVRP/Instances/CVRP/X-n148-k46.vrp,44258.0
48,48,2,K3C18J2,1,250,25,25,20,5,1,100,0.3,1.2,48,K3C18J2,K3E1C18J2,/home/administrador/giron/labotim/HGS-CVRP/Instances/CVRP/X-n783-k48.vrp,77001.0
49,49,2,K3C18J2,1,250,25,25,20,5,1,100,0.3,1.2,49,K3C18J2,K3E1C18J2,/home/administrador/giron/labotim/HGS-CVRP/Instances/CVRP/X-n228-k23.vrp,26308.0
50,50,2,K3C18J2,1,250,25,25,20,5,1,100,0.3,1.2,50,K3C18J2,K3E1C18J2,/home/administrador/giron/labotim/HGS-CVRP/Instances/CVRP/X-n275-k28.vrp,21760.0
51,51,2,K3C18J2,1,250,25,25,20,5,1,100,0.3,1.2,51,K3C18J2,K3E1C18J2,/home/administrador/giron/labotim/HGS-CVRP/Instances/CVRP/Golden_9.vrp,517.0
52,52,2,K3C18J2,1,250,25,25,20,5,1,100,0.3,1.2,52,K3C18J2,K3E1C18J2,/home/administrador/giron/labotim/HGS-CVRP/Instances/CVRP/X-n491-k59.vrp,69301.0
53,53,2,K3C18J2,1,250,25,25,20,5,1,100,0.3,1.2,53,K3C18J2,K3E1C18J2,/home/administrador/giron/labotim/HGS-CVRP/Instances/CVRP/Golden_12.vrp,1006.0
54,54,1,K3C15J2,1,500,15,30,20,7,1,100,0.3,1.4,54,K3C15J2,K3E3C15J2,/home/administrador/giron/labotim/HGS-CVRP/Instances/CVRP/X-n376-k94.vrp,148736.0
55,55,1,K3C15J2,1,500,15,30,20,7,1,100,0.3,1.4,55,K3C15J2,K3E3C15J2,/home/administrador/giron/labotim/HGS-CVRP/Instances/CVRP/X-n957-k87.vrp,87708.0
56,56,1,K3C15J2,1,500,15,30,20,7,1,100,0.3,1.4,56,K3C15J2,K3E3C15J2,/home/administrador/giron/labotim/HGS-CVRP/Instances/CVRP/X-n420-k130.vrp,110663.0
57,57,1,K3C15J2,1,500,15,30,20,7,1,100,0.3,1.4,57,K3C15J2,K3E3C15J2,/home/administrador/giron/labotim/HGS-CVRP/Instances/CVRP/CMT3.vrp,824.0
58,58,1,K3C15J2,1,500,15,30,20,7,1,100,0.3,1.4,58,K3C15J2,K3E3C15J2,/home/administrador/giron/labotim/HGS-CVRP/Instances/CVRP/X-n359-k29.vrp,53902.0
59,59,1,K3C15J2,1,500,15,30,20,7,1,100,0.3,1.4,59,K3C15J2,K3E3C15J2,/home/administrador/giron/labotim/HGS-CVRP/Instances/CVRP/X-n322-k28.vrp,30997.0
60,60,1,K3C15J2,1,500,15,30,20,7,1,100,0.3,1.4,60,K3C15J2,K3E3C15J2,/home/administrador/giron/labotim/HGS-CVRP/Instances/CVRP/X-n139-k10.vrp,13844.0
61,61,1,K3C15J2,1,500,15,30,20,7,1,100,0.3,1.4,61,K3C15J2,K3E3C15J2,/home/administrador/giron/labotim/HGS-CVRP/Instances/CVRP/X-n308-k13.vrp,26867.0
62,62,1,K3C15J2,1,500,15,30,20,7,1,100,0.3,1.4,62,K3C15J2,K3E3C15J2,/home/administrador/giron/labotim/HGS-CVRP/Instances/CVRP/X-n979-k58.vrp,125297.0
63,63,1,K3C15J2,1,500,15,30,20,7,1,100,0.3,1.4,63,K3C15J2,K3E3C15J2,/home/administrador/giron/labotim/HGS-CVRP/Instances/CVRP/X-n129-k18.vrp,30004.0
64,64,1,K3C15J2,1,500,15,30,20,7,1,100,0.3,1.4,64,K3C15J2,K3E3C15J2,/home/administrador/giron/labotim/HGS-CVRP/Instances/CVRP/X-n469-k138.vrp,225742.0
65,65,1,K3C15J2,1,500,15,30,20,7,1,100,0.3,1.4,65,K3C15J2,K3E3C15J2,/home/administrador/giron/labotim/HGS-CVRP/Instances/CVRP/Golden_17.vrp,722.0
66,66,1,K3C15J2,1,500,15,30,20,7,1,100,0.3,1.4,66,K3C15J2,K3E3C15J2,/home/administrador/giron/labotim/HGS-CVRP/Instances/CVRP/X-n393-k38.vrp,39928.0
67,67,1,K3C15J2,1,500,15,30,20,7,1,100,0.3,1.4,67,K3C15J2,K3E3C15J2,/home/administrador/giron/labotim/HGS-CVRP/Instances/CVRP/X-n298-k31.vrp,36042.0
68,68,1,K3C15J2,1,500,15,30,20,7,1,100,0.3,1.4,68,K3C15J2,K3E3C15J2,/home/administrador/giron/labotim/HGS-CVRP/Instances/CVRP/X-n251-k28.vrp,39606.0
69,69,1,K3C15J2,1,500,15,30,20,7,1,100,0.3,1.4,69,K3C15J2,K3E2C15J2,/home/administrador/giron/labotim/HGS-CVRP/Instances/CVRP/X-n449-k29.vrp,58490.0
70,70,1,K3C15J2,1,500,15,30,20,7,1,100,0.3,1.4,70,K3C15J2,K3E2C15J2,/home/administrador/giron/labotim/HGS-CVRP/Instances/CVRP/Golden_14.vrp,1135.0
71,71,1,K3C15J2,1,500,15,30,20,7,1,100,0.3,1.4,71,K3C15J2,K3E2C15J2,/home/administrador/giron/labotim/HGS-CVRP/Instances/CVRP/X-n480-k70.vrp,92103.0
72,72,1,K3C15J2,1,500,15,30,20,7,1,100,0.3,1.4,72,K3C15J2,K3E2C15J2,/home/administrador/giron/labotim/HGS-CVRP/Instances/CVRP/X-n801-k40.vrp,76495.0
73,73,1,K3C15J2,1,500,15,30,20,7,1,100,0.3,1.4,73,K3C15J2,K3E2C15J2,/home/administrador/giron/labotim/HGS-CVRP/Instances/CVRP/X-n148-k46.vrp,44309.0
74,74,1,K3C15J2,1,500,15,30,20,7,1,100,0.3,1.4,74,K3C15J2,K3E2C15J2,/home/administrador/giron/labotim/HGS-CVRP/Instances/CVRP/CMT10.vrp,1433.0
75,75,1,K3C15J2,1,500,15,30,20,7,1,100,0.3,1.4,75,K3C15J2,K3E2C15J2,/home/administrador/giron/labotim/HGS-CVRP/Instances/CVRP/X-n284-k15.vrp,21316.0
76,76,1,K3C15J2,1,500,15,30,20,7,1,100,0.3,1.4,76,K3C15J2,K3E2C15J2,/home/administrador/giron/labotim/HGS-CVRP/Instances/CVRP/X-n162-k11.vrp,14286.0
77,77,1,K3C15J2,1,500,15,30,20,7,1,100,0.3,1.4,77,K3C15J2,K3E2C15J2,/home/administrador/giron/labotim/HGS-CVRP/Instances/CVRP/X-n411-k19.vrp,20860.0
78,78,1,K3C15J2,1,500,15,30,20,7,1,100,0.3,1.4,78,K3C15J2,K3E2C15J2,/home/administrador/giron/labotim/HGS-CVRP/Instances/CVRP/Golden_16.vrp,1699.0
79,79,1,K3C15J2,1,500,15,30,20,7,1,100,0.3,1.4,79,K3C15J2,K3E2C15J2,/home/administrador/giron/labotim/HGS-CVRP/Instances/CVRP/X-n367-k17.vrp,23504.0
80,80,1,K3C15J2,1,500,15,30,20,7,1,100,0.3,1.4,80,K3C15J2,K3E2C15J2,/home/administrador/giron/labotim/HGS-CVRP/Instances/CVRP/X-n819-k171.vrp,162576.0
81,81,1,K3C15J2,1,500,15,30,20,7,1,100,0.3,1.4,81,K3C15J2,K3E2C15J2,/home/administrador/giron/labotim/HGS-CVRP/Instances/CVRP/X-n200-k36.vrp,60167.0
82,82,1,K3C15J2,1,500,15,30,20,7,1,100,0.3,1.4,82,K3C15J2,K3E2C15J2,/home/administrador/giron/labotim/HGS-CVRP/Instances/CVRP/X-n176-k26.vrp,49042.0
83,83,1,K3C15J2,1,500,15,30,20,7,1,100,0.3,1.4,83,K3C15J2,K3E2C15J2,/home/administrador/giron/labotim/HGS-CVRP/Instances/CVRP/X-n936-k151.vrp,
84,84,1,K3C15J2,1,500,15,30,20,7,1,100,0.3,1.4,84,K3C15J2,K3E1C15J2,/home/administrador/giron/labotim/HGS-CVRP/Instances/CVRP/Golden_5.vrp,6606.0
85,85,1,K3C15J2,1,500,15,30,20,7,1,100,0.3,1.4,85,K3C15J2,K3E1C15J2,/home/administrador/giron/labotim/HGS-CVRP/Instances/CVRP/X-n439-k37.vrp,37503.0
86,86,1,K3C15J2,1,500,15,30,20,7,1,100,0.3,1.4,86,K3C15J2,K3E1C15J2,/home/administrador/giron/labotim/HGS-CVRP/Instances/CVRP/X-n536-k96.vrp,97165.0
87,87,1,K3C15J2,1,500,15,30,20,7,1,100,0.3,1.4,87,K3C15J2,K3E1C15J2,/home/administrador/giron/labotim/HGS-CVRP/Instances/CVRP/X-n106-k14.vrp,26635.0
88,88,1,K3C15J2,1,500,15,30,20,7,1,100,0.3,1.4,88,K3C15J2,K3E1C15J2,/home/administrador/giron/labotim/HGS-CVRP/Instances/CVRP/X-n331-k15.vrp,32350.0
89,89,1,K3C15J2,1,500,15,30,20,7,1,100,0.3,1.4,89,K3C15J2,K3E1C15J2,/home/administrador/giron/labotim/HGS-CVRP/Instances/CVRP/X-n143-k7.vrp,16260.0
90,90,1,K3C15J2,1,500,15,30,20,7,1,100,0.3,1.4,90,K3C15J2,K3E1C15J2,/home/administrador/giron/labotim/HGS-CVRP/Instances/CVRP/X-n204-k19.vrp,19947.0
91,91,1,K3C15J2,1,500,15,30,20,7,1,100,0.3,1.4,91,K3C15J2,K3E1C15J2,/home/administrador/giron/labotim/HGS-CVRP/Instances/CVRP/X-n701-k44.vrp,85913.0
92,92,1,K3C15J2,1,500,15,30,20,7,1,100,0.3,1.4,92,K3C15J2,K3E1C15J2,/home/administrador/giron/labotim/HGS-CVRP/Instances/CVRP/CMT13.vrp,1561.0
93,93,1,K3C15J2,1,500,15,30,20,7,1,100,0.3,1.4,93,K3C15J2,K3E1C15J2,/home/administrador/giron/labotim/HGS-CVRP/Instances/CVRP/X-n401-k29.vrp,68454.0
94,94,1,K3C15J2,1,500,15,30,20,7,1,100,0.3,1.4,94,K3C15J2,K3E1C15J2,/home/administrador/giron/labotim/HGS-CVRP/Instances/CVRP/X-n895-k37.vrp,57448.0
95,95,1,K3C15J2,1,500,15,30,20,7,1,100,0.3,1.4,95,K3C15J2,K3E1C15J2,/home/administrador/giron/labotim/HGS-CVRP/Instances/CVRP/X-n613-k62.vrp,62706.0
96,96,1,K3C15J2,1,500,15,30,20,7,1,100,0.3,1.4,96,K3C15J2,K3E1C15J2,/home/administrador/giron/labotim/HGS-CVRP/Instances/CVRP/X-n233-k16.vrp,19693.0
97,97,1,K3C15J2,1,500,15,30,20,7,1,100,0.3,1.4,97,K3C15J2,K3E1C15J2,/home/administrador/giron/labotim/HGS-CVRP/Instances/CVRP/X-n916-k207.vrp,336012.0
98,98,1,K3C15J2,1,500,15,30,20,7,1,100,0.3,1.4,98,K3C15J2,K3E1C15J2,/home/administrador/giron/labotim/HGS-CVRP/Instances/CVRP/Golden_8.vrp,12049.0
99,99,3,K5C10J2,10,500,20,25,20,7,10,50,0.2,1.3,99,K5C10J2,K5E1C10J2,/home/administrador/giron/labotim/HGS-CVRP/Instances/CVRP/Golden_3.vrp,11297.0
100,100,3,K5C10J2,10,500,20,25,20,7,10,50,0.2,1.3,100,K5C10J2,K5E1C10J2,/home/administrador/giron/labotim/HGS-CVRP/Instances/CVRP/X-n685-k75.vrp,71093.0
101,101,3,K5C10J2,10,500,20,25,20,7,10,50,0.2,1.3,101,K5C10J2,K5E1C10J2,/home/administrador/giron/labotim/HGS-CVRP/Instances/CVRP/Golden_9.vrp,521.0
102,102,3,K5C10J2,10,500,20,25,20,7,10,50,0.2,1.3,102,K5C10J2,K5E1C10J2,/home/administrador/giron/labotim/HGS-CVRP/Instances/CVRP/X-n916-k207.vrp,336103.0
103,103,3,K5C10J2,10,500,20,25,20,7,10,50,0.2,1.3,103,K5C10J2,K5E1C10J2,/home/administrador/giron/labotim/HGS-CVRP/Instances/CVRP/X-n251-k28.vrp,39687.0
104,104,3,K5C10J2,10,500,20,25,20,7,10,50,0.2,1.3,104,K5C10J2,K5E1C10J2,/home/administrador/giron/labotim/HGS-CVRP/Instances/CVRP/X-n502-k39.vrp,69949.0
105,105,3,K5C10J2,10,500,20,25,20,7,10,50,0.2,1.3,105,K5C10J2,K5E1C10J2,/home/administrador/giron/labotim/HGS-CVRP/Instances/CVRP/X-n101-k25.vrp,28228.0
106,106,3,K5C10J2,10,500,20,25,20,7,10,50,0.2,1.3,106,K5C10J2,K5E1C10J2,/home/administrador/giron/labotim/HGS-CVRP/Instances/CVRP/X-n275-k28.vrp,21681.0
107,107,3,K5C10J2,10,500,20,25,20,7,10,50,0.2,1.3,107,K5C10J2,K5E1C10J2,/home/administrador/giron/labotim/HGS-CVRP/Instances/CVRP/CMT9.vrp,1166.0
108,108,3,K5C10J2,10,500,20,25,20,7,10,50,0.2,1.3,108,K5C10J2,K5E1C10J2,/home/administrador/giron/labotim/HGS-CVRP/Instances/CVRP/X-n449-k29.vrp,58139.0
109,109,3,K5C10J2,10,500,20,25,20,7,10,50,0.2,1.3,109,K5C10J2,K5E3C10J2,/home/administrador/giron/labotim/HGS-CVRP/Instances/CVRP/X-n401-k29.vrp,68444.0
110,110,3,K5C10J2,10,500,20,25,20,7,10,50,0.2,1.3,110,K5C10J2,K5E3C10J2,/home/administrador/giron/labotim/HGS-CVRP/Instances/CVRP/X-n627-k43.vrp,64862.0
111,111,3,K5C10J2,10,500,20,25,20,7,10,50,0.2,1.3,111,K5C10J2,K5E3C10J2,/home/administrador/giron/labotim/HGS-CVRP/Instances/CVRP/X-n376-k94.vrp,148570.0
112,112,3,K5C10J2,10,500,20,25,20,7,10,50,0.2,1.3,112,K5C10J2,K5E3C10J2,/home/administrador/giron/labotim/HGS-CVRP/Instances/CVRP/X-n716-k35.vrp,45817.0
113,113,3,K5C10J2,10,500,20,25,20,7,10,50,0.2,1.3,113,K5C10J2,K5E3C10J2,/home/administrador/giron/labotim/HGS-CVRP/Instances/CVRP/X-n561-k42.vrp,44834.0
114,114,3,K5C10J2,10,500,20,25,20,7,10,50,0.2,1.3,114,K5C10J2,K5E3C10J2,/home/administrador/giron/labotim/HGS-CVRP/Instances/CVRP/X-n106-k14.vrp,26635.0
115,115,3,K5C10J2,10,500,20,25,20,7,10,50,0.2,1.3,115,K5C10J2,K5E3C10J2,/home/administrador/giron/labotim/HGS-CVRP/Instances/CVRP/X-n573-k30.vrp,52077.0
116,116,3,K5C10J2,10,500,20,25,20,7,10,50,0.2,1.3,116,K5C10J2,K5E3C10J2,/home/administrador/giron/labotim/HGS-CVRP/Instances/CVRP/X-n1001-k43.vrp,76471.0
117,117,3,K5C10J2,10,500,20,25,20,7,10,50,0.2,1.3,117,K5C10J2,K5E3C10J2,/home/administrador/giron/labotim/HGS-CVRP/Instances/CVRP/X-n134-k13.vrp,11145.0
118,118,3,K5C10J2,10,500,20,25,20,7,10,50,0.2,1.3,118,K5C10J2,K5E3C10J2,/home/administrador/giron/labotim/HGS-CVRP/Instances/CVRP/Golden_4.vrp,14157.0
119,119,3,K5C10J2,10,500,20,25,20,7,10,50,0.2,1.3,119,K5C10J2,K5E2C10J2,/home/administrador/giron/labotim/HGS-CVRP/Instances/CVRP/X-n313-k71.vrp,96532.0
120,120,3,K5C10J2,10,500,20,25,20,7,10,50,0.2,1.3,120,K5C10J2,K5E2C10J2,/home/administrador/giron/labotim/HGS-CVRP/Instances/CVRP/X-n289-k60.vrp,97570.0
121,121,3,K5C10J2,10,500,20,25,20,7,10,50,0.2,1.3,121,K5C10J2,K5E2C10J2,/home/administrador/giron/labotim/HGS-CVRP/Instances/CVRP/X-n214-k11.vrp,11380.0
122,122,3,K5C10J2,10,500,20,25,20,7,10,50,0.2,1.3,122,K5C10J2,K5E2C10J2,/home/administrador/giron/labotim/HGS-CVRP/Instances/CVRP/CMT2.vrp,843.0
123,123,3,K5C10J2,10,500,20,25,20,7,10,50,0.2,1.3,123,K5C10J2,K5E2C10J2,/home/administrador/giron/labotim/HGS-CVRP/Instances/CVRP/Golden_2.vrp,8524.0
124,124,3,K5C10J2,10,500,20,25,20,7,10,50,0.2,1.3,124,K5C10J2,K5E2C10J2,/home/administrador/giron/labotim/HGS-CVRP/Instances/CVRP/X-n120-k6.vrp,13425.0
125,125,3,K5C10J2,10,500,20,25,20,7,10,50,0.2,1.3,125,K5C10J2,K5E2C10J2,/home/administrador/giron/labotim/HGS-CVRP/Instances/CVRP/X-n153-k22.vrp,21636.0
126,126,3,K5C10J2,10,500,20,25,20,7,10,50,0.2,1.3,126,K5C10J2,K5E2C10J2,/home/administrador/giron/labotim/HGS-CVRP/Instances/CVRP/X-n536-k96.vrp,97165.0
127,127,3,K5C10J2,10,500,20,25,20,7,10,50,0.2,1.3,127,K5C10J2,K5E2C10J2,/home/administrador/giron/labotim/HGS-CVRP/Instances/CVRP/Golden_13.vrp,886.0
128,128,3,K5C10J2,10,500,20,25,20,7,10,50,0.2,1.3,128,K5C10J2,K5E2C10J2,/home/administrador/giron/labotim/HGS-CVRP/Instances/CVRP/Golden_11.vrp,829.0
129,129,3,K5C10J2,10,500,20,25,20,7,10,50,0.2,1.3,129,K5C10J2,K5E5C10J2,/home/administrador/giron/labotim/HGS-CVRP/Instances/CVRP/CMT4.vrp,1030.0
130,130,3,K5C10J2,10,500,20,25,20,7,10,50,0.2,1.3,130,K5C10J2,K5E5C10J2,/home/administrador/giron/labotim/HGS-CVRP/Instances/CVRP/X-n876-k59.vrp,102523.0
131,131,3,K5C10J2,10,500,20,25,20,7,10,50,0.2,1.3,131,K5C10J2,K5E5C10J2,/home/administrador/giron/labotim/HGS-CVRP/Instances/CVRP/Golden_8.vrp,11974.0
132,132,3,K5C10J2,10,500,20,25,20,7,10,50,0.2,1.3,132,K5C10J2,K5E5C10J2,/home/administrador/giron/labotim/HGS-CVRP/Instances/CVRP/X-n429-k61.vrp,67588.0
133,133,3,K5C10J2,10,500,20,25,20,7,10,50,0.2,1.3,133,K5C10J2,K5E5C10J2,/home/administrador/giron/labotim/HGS-CVRP/Instances/CVRP/X-n317-k53.vrp,78954.0
134,134,3,K5C10J2,10,500,20,25,20,7,10,50,0.2,1.3,134,K5C10J2,K5E5C10J2,/home/administrador/giron/labotim/HGS-CVRP/Instances/CVRP/X-n480-k70.vrp,92103.0
135,135,3,K5C10J2,10,500,20,25,20,7,10,50,0.2,1.3,135,K5C10J2,K5E5C10J2,/home/administrador/giron/labotim/HGS-CVRP/Instances/CVRP/X-n308-k13.vrp,26833.0
136,136,3,K5C10J2,10,500,20,25,20,7,10,50,0.2,1.3,136,K5C10J2,K5E5C10J2,/home/administrador/giron/labotim/HGS-CVRP/Instances/CVRP/Golden_18.vrp,1041.0
137,137,3,K5C10J2,10,500,20,25,20,7,10,50,0.2,1.3,137,K5C10J2,K5E5C10J2,/home/administrador/giron/labotim/HGS-CVRP/Instances/CVRP/X-n548-k50.vrp,88178.0
138,138,3,K5C10J2,10,500,20,25,20,7,10,50,0.2,1.3,138,K5C10J2,K5E5C10J2,/home/administrador/giron/labotim/HGS-CVRP/Instances/CVRP/X-n139-k10.vrp,13712.0
139,139,3,K5C10J2,10,500,20,25,20,7,10,50,0.2,1.3,139,K5C10J2,K5E4C10J2,/home/administrador/giron/labotim/HGS-CVRP/Instances/CVRP/X-n819-k171.vrp,162576.0
140,140,3,K5C10J2,10,500,20,25,20,7,10,50,0.2,1.3,140,K5C10J2,K5E4C10J2,/home/administrador/giron/labotim/HGS-CVRP/Instances/CVRP/X-n936-k151.vrp,
141,141,3,K5C10J2,10,500,20,25,20,7,10,50,0.2,1.3,141,K5C10J2,K5E4C10J2,/home/administrador/giron/labotim/HGS-CVRP/Instances/CVRP/X-n491-k59.vrp,69574.0
142,142,3,K5C10J2,10,500,20,25,20,7,10,50,0.2,1.3,142,K5C10J2,K5E4C10J2,/home/administrador/giron/labotim/HGS-CVRP/Instances/CVRP/Golden_16.vrp,1700.0
143,143,3,K5C10J2,10,500,20,25,20,7,10,50,0.2,1.3,143,K5C10J2,K5E4C10J2,/home/administrador/giron/labotim/HGS-CVRP/Instances/CVRP/X-n459-k26.vrp,25091.0
144,144,3,K5C10J2,10,500,20,25,20,7,10,50,0.2,1.3,144,K5C10J2,K5E4C10J2,/home/administrador/giron/labotim/HGS-CVRP/Instances/CVRP/X-n162-k11.vrp,14284.0
145,145,3,K5C10J2,10,500,20,25,20,7,10,50,0.2,1.3,145,K5C10J2,K5E4C10J2,/home/administrador/giron/labotim/HGS-CVRP/Instances/CVRP/X-n384-k52.vrp,68012.0
146,146,3,K5C10J2,10,500,20,25,20,7,10,50,0.2,1.3,146,K5C10J2,K5E4C10J2,/home/administrador/giron/labotim/HGS-CVRP/Instances/CVRP/X-n837-k142.vrp,198701.0
147,147,3,K5C10J2,10,500,20,25,20,7,10,50,0.2,1.3,147,K5C10J2,K5E4C10J2,/home/administrador/giron/labotim/HGS-CVRP/Instances/CVRP/Golden_6.vrp,8581.0
148,148,3,K5C10J2,10,500,20,25,20,7,10,50,0.2,1.3,148,K5C10J2,K5E4C10J2,/home/administrador/giron/labotim/HGS-CVRP/Instances/CVRP/X-n195-k51.vrp,45104.0
149,149,7,K7C15J2,1,500,15,20,20,7,1,100,0.3,1.4,149,K7C15J2,K7E1C15J2,/home/administrador/giron/labotim/HGS-CVRP/Instances/CVRP/X-n411-k19.vrp,20639.0
150,150,7,K7C15J2,1,500,15,20,20,7,1,100,0.3,1.4,150,K7C15J2,K7E1C15J2,/home/administrador/giron/labotim/HGS-CVRP/Instances/CVRP/X-n139-k10.vrp,13850.0
151,151,7,K7C15J2,1,500,15,20,20,7,1,100,0.3,1.4,151,K7C15J2,K7E1C15J2,/home/administrador/giron/labotim/HGS-CVRP/Instances/CVRP/X-n837-k142.vrp,198701.0
152,152,7,K7C15J2,1,500,15,20,20,7,1,100,0.3,1.4,152,K7C15J2,K7E1C15J2,/home/administrador/giron/labotim/HGS-CVRP/Instances/CVRP/X-n195-k51.vrp,45104.0
153,153,7,K7C15J2,1,500,15,20,20,7,1,100,0.3,1.4,153,K7C15J2,K7E1C15J2,/home/administrador/giron/labotim/HGS-CVRP/Instances/CVRP/X-n783-k48.vrp,77194.0
154,154,7,K7C15J2,1,500,15,20,20,7,1,100,0.3,1.4,154,K7C15J2,K7E1C15J2,/home/administrador/giron/labotim/HGS-CVRP/Instances/CVRP/X-n469-k138.vrp,225742.0
155,155,7,K7C15J2,1,500,15,20,20,7,1,100,0.3,1.4,155,K7C15J2,K7E1C15J2,/home/administrador/giron/labotim/HGS-CVRP/Instances/CVRP/CMT2.vrp,843.0
156,156,7,K7C15J2,1,500,15,20,20,7,1,100,0.3,1.4,156,K7C15J2,K7E1C15J2,/home/administrador/giron/labotim/HGS-CVRP/Instances/CVRP/Golden_14.vrp,1135.0
157,157,7,K7C15J2,1,500,15,20,20,7,1,100,0.3,1.4,157,K7C15J2,K7E1C15J2,/home/administrador/giron/labotim/HGS-CVRP/Instances/CVRP/X-n819-k171.vrp,162413.0
158,158,7,K7C15J2,1,500,15,20,20,7,1,100,0.3,1.4,158,K7C15J2,K7E1C15J2,/home/administrador/giron/labotim/HGS-CVRP/Instances/CVRP/X-n376-k94.vrp,148736.0
159,159,7,K7C15J2,1,500,15,20,20,7,1,100,0.3,1.4,159,K7C15J2,K7E1C15J2,/home/administrador/giron/labotim/HGS-CVRP/Instances/CVRP/X-n251-k28.vrp,39687.0
160,160,7,K7C15J2,1,500,15,20,20,7,1,100,0.3,1.4,160,K7C15J2,K7E1C15J2,/home/administrador/giron/labotim/HGS-CVRP/Instances/CVRP/CMT5.vrp,1333.0
161,161,7,K7C15J2,1,500,15,20,20,7,1,100,0.3,1.4,161,K7C15J2,K7E1C15J2,/home/administrador/giron/labotim/HGS-CVRP/Instances/CVRP/X-n573-k30.vrp,52077.0
162,162,7,K7C15J2,1,500,15,20,20,7,1,100,0.3,1.4,162,K7C15J2,K7E1C15J2,/home/administrador/giron/labotim/HGS-CVRP/Instances/CVRP/X-n749-k98.vrp,80821.0
163,163,7,K7C15J2,1,500,15,20,20,7,1,100,0.3,1.4,163,K7C15J2,K7E1C15J2,/home/administrador/giron/labotim/HGS-CVRP/Instances/CVRP/X-n298-k31.vrp,35822.0
164,164,7,K7C15J2,1,500,15,20,20,7,1,100,0.3,1.4,164,K7C15J2,K7E3C15J2,/home/administrador/giron/labotim/HGS-CVRP/Instances/CVRP/X-n979-k58.vrp,125297.0
165,165,7,K7C15J2,1,500,15,20,20,7,1,100,0.3,1.4,165,K7C15J2,K7E3C15J2,/home/administrador/giron/labotim/HGS-CVRP/Instances/CVRP/X-n303-k21.vrp,22567.0
166,166,7,K7C15J2,1,500,15,20,20,7,1,100,0.3,1.4,166,K7C15J2,K7E3C15J2,/home/administrador/giron/labotim/HGS-CVRP/Instances/CVRP/X-n214-k11.vrp,11415.0
167,167,7,K7C15J2,1,500,15,20,20,7,1,100,0.3,1.4,167,K7C15J2,K7E3C15J2,/home/administrador/giron/labotim/HGS-CVRP/Instances/CVRP/X-n148-k46.vrp,44309.0
168,168,7,K7C15J2,1,500,15,20,20,7,1,100,0.3,1.4,168,K7C15J2,K7E3C15J2,/home/administrador/giron/labotim/HGS-CVRP/Instances/CVRP/X-n327-k20.vrp,28874.0
169,169,7,K7C15J2,1,500,15,20,20,7,1,100,0.3,1.4,169,K7C15J2,K7E3C15J2,/home/administrador/giron/labotim/HGS-CVRP/Instances/CVRP/X-n313-k71.vrp,96532.0
170,170,7,K7C15J2,1,500,15,20,20,7,1,100,0.3,1.4,170,K7C15J2,K7E3C15J2,/home/administrador/giron/labotim/HGS-CVRP/Instances/CVRP/CMT8.vrp,856.0
171,171,7,K7C15J2,1,500,15,20,20,7,1,100,0.3,1.4,171,K7C15J2,K7E3C15J2,/home/administrador/giron/labotim/HGS-CVRP/Instances/CVRP/CMT4.vrp,1030.0
172,172,7,K7C15J2,1,500,15,20,20,7,1,100,0.3,1.4,172,K7C15J2,K7E3C15J2,/home/administrador/giron/labotim/HGS-CVRP/Instances/CVRP/Golden_2.vrp,8728.0
173,173,7,K7C15J2,1,500,15,20,20,7,1,100,0.3,1.4,173,K7C15J2,K7E3C15J2,/home/administrador/giron/labotim/HGS-CVRP/Instances/CVRP/X-n513-k21.vrp,25173.0
174,174,7,K7C15J2,1,500,15,20,20,7,1,100,0.3,1.4,174,K7C15J2,K7E3C15J2,/home/administrador/giron/labotim/HGS-CVRP/Instances/CVRP/X-n344-k43.vrp,43740.0
175,175,7,K7C15J2,1,500,15,20,20,7,1,100,0.3,1.4,175,K7C15J2,K7E3C15J2,/home/administrador/giron/labotim/HGS-CVRP/Instances/CVRP/X-n856-k95.vrp,90931.0
176,176,7,K7C15J2,1,500,15,20,20,7,1,100,0.3,1.4,176,K7C15J2,K7E3C15J2,/home/administrador/giron/labotim/HGS-CVRP/Instances/CVRP/CMT14.vrp,865.0
177,177,7,K7C15J2,1,500,15,20,20,7,1,100,0.3,1.4,177,K7C15J2,K7E3C15J2,/home/administrador/giron/labotim/HGS-CVRP/Instances/CVRP/X-n480-k70.vrp,91935.0
178,178,7,K7C15J2,1,500,15,20,20,7,1,100,0.3,1.4,178,K7C15J2,K7E3C15J2,/home/administrador/giron/labotim/HGS-CVRP/Instances/CVRP/X-n237-k14.vrp,27934.0
179,179,7,K7C15J2,1,500,15,20,20,7,1,100,0.3,1.4,179,K7C15J2,K7E2C15J2,/home/administrador/giron/labotim/HGS-CVRP/Instances/CVRP/Golden_19.vrp,1419.0
180,180,7,K7C15J2,1,500,15,20,20,7,1,100,0.3,1.4,180,K7C15J2,K7E2C15J2,/home/administrador/giron/labotim/HGS-CVRP/Instances/CVRP/X-n270-k35.vrp,36249.0
181,181,7,K7C15J2,1,500,15,20,20,7,1,100,0.3,1.4,181,K7C15J2,K7E2C15J2,/home/administrador/giron/labotim/HGS-CVRP/Instances/CVRP/X-n129-k18.vrp,30004.0
182,182,7,K7C15J2,1,500,15,20,20,7,1,100,0.3,1.4,182,K7C15J2,K7E2C15J2,/home/administrador/giron/labotim/HGS-CVRP/Instances/CVRP/X-n266-k58.vrp,77371.0
183,183,7,K7C15J2,1,500,15,20,20,7,1,100,0.3,1.4,183,K7C15J2,K7E2C15J2,/home/administrador/giron/labotim/HGS-CVRP/Instances/CVRP/X-n613-k62.vrp,62706.0
184,184,7,K7C15J2,1,500,15,20,20,7,1,100,0.3,1.4,184,K7C15J2,K7E2C15J2,/home/administrador/giron/labotim/HGS-CVRP/Instances/CVRP/X-n936-k151.vrp,
185,185,7,K7C15J2,1,500,15,20,20,7,1,100,0.3,1.4,185,K7C15J2,K7E2C15J2,/home/administrador/giron/labotim/HGS-CVRP/Instances/CVRP/X-n502-k39.vrp,69949.0
186,186,7,K7C15J2,1,500,15,20,20,7,1,100,0.3,1.4,186,K7C15J2,K7E2C15J2,/home/administrador/giron/labotim/HGS-CVRP/Instances/CVRP/X-n167-k10.vrp,21302.0
187,187,7,K7C15J2,1,500,15,20,20,7,1,100,0.3,1.4,187,K7C15J2,K7E2C15J2,/home/administrador/giron/labotim/HGS-CVRP/Instances/CVRP/X-n536-k96.vrp,97165.0
188,188,7,K7C15J2,1,500,15,20,20,7,1,100,0.3,1.4,188,K7C15J2,K7E2C15J2,/home/administrador/giron/labotim/HGS-CVRP/Instances/CVRP/X-n367-k17.vrp,23504.0
189,189,7,K7C15J2,1,500,15,20,20,7,1,100,0.3,1.4,189,K7C15J2,K7E2C15J2,/home/administrador/giron/labotim/HGS-CVRP/Instances/CVRP/Golden_5.vrp,6695.0
190,190,7,K7C15J2,1,500,15,20,20,7,1,100,0.3,1.4,190,K7C15J2,K7E2C15J2,/home/administrador/giron/labotim/HGS-CVRP/Instances/CVRP/X-n586-k159.vrp,194302.0
191,191,7,K7C15J2,1,500,15,20,20,7,1,100,0.3,1.4,191,K7C15J2,K7E2C15J2,/home/administrador/giron/labotim/HGS-CVRP/Instances/CVRP/X-n766-k71.vrp,119336.0
192,192,7,K7C15J2,1,500,15,20,20,7,1,100,0.3,1.4,192,K7C15J2,K7E2C15J2,/home/administrador/giron/labotim/HGS-CVRP/Instances/CVRP/X-n439-k37.vrp,37503.0
193,193,7,K7C15J2,1,500,15,20,20,7,1,100,0.3,1.4,193,K7C15J2,K7E2C15J2,/home/administrador/giron/labotim/HGS-CVRP/Instances/CVRP/CMT13.vrp,1561.0
194,194,7,K7C15J2,1,500,15,20,20,7,1,100,0.3,1.4,194,K7C15J2,K7E7C15J2,/home/administrador/giron/labotim/HGS-CVRP/Instances/CVRP/Golden_7.vrp,10482.0
195,195,7,K7C15J2,1,500,15,20,20,7,1,100,0.3,1.4,195,K7C15J2,K7E7C15J2,/home/administrador/giron/labotim/HGS-CVRP/Instances/CVRP/Golden_12.vrp,1008.0
196,196,7,K7C15J2,1,500,15,20,20,7,1,100,0.3,1.4,196,K7C15J2,K7E7C15J2,/home/administrador/giron/labotim/HGS-CVRP/Instances/CVRP/CMT10.vrp,1433.0
197,197,7,K7C15J2,1,500,15,20,20,7,1,100,0.3,1.4,197,K7C15J2,K7E7C15J2,/home/administrador/giron/labotim/HGS-CVRP/Instances/CVRP/X-n359-k29.vrp,53902.0
198,198,7,K7C15J2,1,500,15,20,20,7,1,100,0.3,1.4,198,K7C15J2,K7E7C15J2,/home/administrador/giron/labotim/HGS-CVRP/Instances/CVRP/X-n294-k50.vrp,48823.0
199,199,7,K7C15J2,1,500,15,20,20,7,1,100,0.3,1.4,199,K7C15J2,K7E7C15J2,/home/administrador/giron/labotim/HGS-CVRP/Instances/CVRP/X-n242-k48.vrp,84855.0
200,200,7,K7C15J2,1,500,15,20,20,7,1,100,0.3,1.4,200,K7C15J2,K7E7C15J2,/home/administrador/giron/labotim/HGS-CVRP/Instances/CVRP/Golden_17.vrp,712.0
201,201,7,K7C15J2,1,500,15,20,20,7,1,100,0.3,1.4,201,K7C15J2,K7E7C15J2,/home/administrador/giron/labotim/HGS-CVRP/Instances/CVRP/X-n670-k130.vrp,
202,202,7,K7C15J2,1,500,15,20,20,7,1,100,0.3,1.4,202,K7C15J2,K7E7C15J2,/home/administrador/giron/labotim/HGS-CVRP/Instances/CVRP/Golden_9.vrp,522.0
203,203,7,K7C15J2,1,500,15,20,20,7,1,100,0.3,1.4,203,K7C15J2,K7E7C15J2,/home/administrador/giron/labotim/HGS-CVRP/Instances/CVRP/X-n1001-k43.vrp,77303.0
204,204,7,K7C15J2,1,500,15,20,20,7,1,100,0.3,1.4,204,K7C15J2,K7E7C15J2,/home/administrador/giron/labotim/HGS-CVRP/Instances/CVRP/X-n162-k11.vrp,14251.0
205,205,7,K7C15J2,1,500,15,20,20,7,1,100,0.3,1.4,205,K7C15J2,K7E7C15J2,/home/administrador/giron/labotim/HGS-CVRP/Instances/CVRP/X-n317-k53.vrp,78954.0
206,206,7,K7C15J2,1,500,15,20,20,7,1,100,0.3,1.4,206,K7C15J2,K7E7C15J2,/home/administrador/giron/labotim/HGS-CVRP/Instances/CVRP/X-n641-k35.vrp,66779.0
207,207,7,K7C15J2,1,500,15,20,20,7,1,100,0.3,1.4,207,K7C15J2,K7E7C15J2,/home/administrador/giron/labotim/HGS-CVRP/Instances/CVRP/CMT7.vrp,912.0
208,208,7,K7C15J2,1,500,15,20,20,7,1,100,0.3,1.4,208,K7C15J2,K7E7C15J2,/home/administrador/giron/labotim/HGS-CVRP/Instances/CVRP/X-n204-k19.vrp,20091.0
209,209,7,K7C15J2,1,500,15,20,20,7,1,100,0.3,1.4,209,K7C15J2,K7E4C15J2,/home/administrador/giron/labotim/HGS-CVRP/Instances/CVRP/X-n233-k16.vrp,19693.0
210,210,7,K7C15J2,1,500,15,20,20,7,1,100,0.3,1.4,210,K7C15J2,K7E4C15J2,/home/administrador/giron/labotim/HGS-CVRP/Instances/CVRP/X-n420-k130.vrp,110663.0
211,211,7,K7C15J2,1,500,15,20,20,7,1,100,0.3,1.4,211,K7C15J2,K7E4C15J2,/home/administrador/giron/labotim/HGS-CVRP/Instances/CVRP/X-n143-k7.vrp,16238.0
212,212,7,K7C15J2,1,500,15,20,20,7,1,100,0.3,1.4,212,K7C15J2,K7E4C15J2,/home/administrador/giron/labotim/HGS-CVRP/Instances/CVRP/Golden_4.vrp,13896.0
213,213,7,K7C15J2,1,500,15,20,20,7,1,100,0.3,1.4,213,K7C15J2,K7E4C15J2,/home/administrador/giron/labotim/HGS-CVRP/Instances/CVRP/X-n308-k13.vrp,26867.0
214,214,7,K7C15J2,1,500,15,20,20,7,1,100,0.3,1.4,214,K7C15J2,K7E4C15J2,/home/administrador/giron/labotim/HGS-CVRP/Instances/CVRP/X-n190-k8.vrp,17493.0
215,215,7,K7C15J2,1,500,15,20,20,7,1,100,0.3,1.4,215,K7C15J2,K7E4C15J2,/home/administrador/giron/labotim/HGS-CVRP/Instances/CVRP/X-n176-k26.vrp,49042.0
216,216,7,K7C15J2,1,500,15,20,20,7,1,100,0.3,1.4,216,K7C15J2,K7E4C15J2,/home/administrador/giron/labotim/HGS-CVRP/Instances/CVRP/X-n384-k52.vrp,68012.0
217,217,7,K7C15J2,1,500,15,20,20,7,1,100,0.3,1.4,217,K7C15J2,K7E4C15J2,/home/administrador/giron/labotim/HGS-CVRP/Instances/CVRP/X-n223-k34.vrp,41599.0
218,218,7,K7C15J2,1,500,15,20,20,7,1,100,0.3,1.4,218,K7C15J2,K7E4C15J2,/home/administrador/giron/labotim/HGS-CVRP/Instances/CVRP/X-n561-k42.vrp,44780.0
219,219,7,K7C15J2,1,500,15,20,20,7,1,100,0.3,1.4,219,K7C15J2,K7E4C15J2,/home/administrador/giron/labotim/HGS-CVRP/Instances/CVRP/CMT3.vrp,828.0
220,220,7,K7C15J2,1,500,15,20,20,7,1,100,0.3,1.4,220,K7C15J2,K7E4C15J2,/home/administrador/giron/labotim/HGS-CVRP/Instances/CVRP/X-n106-k14.vrp,26635.0
221,221,7,K7C15J2,1,500,15,20,20,7,1,100,0.3,1.4,221,K7C15J2,K7E4C15J2,/home/administrador/giron/labotim/HGS-CVRP/Instances/CVRP/Golden_1.vrp,5814.0
222,222,7,K7C15J2,1,500,15,20,20,7,1,100,0.3,1.4,222,K7C15J2,K7E4C15J2,/home/administrador/giron/labotim/HGS-CVRP/Instances/CVRP/Golden_10.vrp,666.0
223,223,7,K7C15J2,1,500,15,20,20,7,1,100,0.3,1.4,223,K7C15J2,K7E4C15J2,/home/administrador/giron/labotim/HGS-CVRP/Instances/CVRP/Golden_15.vrp,1401.0
224,224,7,K7C15J2,1,500,15,20,20,7,1,100,0.3,1.4,224,K7C15J2,K7E5C15J2,/home/administrador/giron/labotim/HGS-CVRP/Instances/CVRP/X-n247-k50.vrp,
225,225,7,K7C15J2,1,500,15,20,20,7,1,100,0.3,1.4,225,K7C15J2,K7E5C15J2,/home/administrador/giron/labotim/HGS-CVRP/Instances/CVRP/X-n125-k30.vrp,56731.0
226,226,7,K7C15J2,1,500,15,20,20,7,1,100,0.3,1.4,226,K7C15J2,K7E5C15J2,/home/administrador/giron/labotim/HGS-CVRP/Instances/CVRP/X-n895-k37.vrp,57448.0
227,227,7,K7C15J2,1,500,15,20,20,7,1,100,0.3,1.4,227,K7C15J2,K7E5C15J2,/home/administrador/giron/labotim/HGS-CVRP/Instances/CVRP/X-n351-k40.vrp,27117.0
228,228,7,K7C15J2,1,500,15,20,20,7,1,100,0.3,1.4,228,K7C15J2,K7E5C15J2,/home/administrador/giron/labotim/HGS-CVRP/Instances/CVRP/X-n393-k38.vrp,39928.0
229,229,7,K7C15J2,1,500,15,20,20,7,1,100,0.3,1.4,229,K7C15J2,K7E5C15J2,/home/administrador/giron/labotim/HGS-CVRP/Instances/CVRP/X-n115-k10.vrp,12747.0
230,230,7,K7C15J2,1,500,15,20,20,7,1,100,0.3,1.4,230,K7C15J2,K7E5C15J2,/home/administrador/giron/labotim/HGS-CVRP/Instances/CVRP/X-n209-k16.vrp,31767.0
231,231,7,K7C15J2,1,500,15,20,20,7,1,100,0.3,1.4,231,K7C15J2,K7E5C15J2,/home/administrador/giron/labotim/HGS-CVRP/Instances/CVRP/Golden_16.vrp,1698.0
232,232,7,K7C15J2,1,500,15,20,20,7,1,100,0.3,1.4,232,K7C15J2,K7E5C15J2,/home/administrador/giron/labotim/HGS-CVRP/Instances/CVRP/X-n449-k29.vrp,58297.0
233,233,7,K7C15J2,1,500,15,20,20,7,1,100,0.3,1.4,233,K7C15J2,K7E5C15J2,/home/administrador/giron/labotim/HGS-CVRP/Instances/CVRP/X-n261-k13.vrp,27975.0
234,234,7,K7C15J2,1,500,15,20,20,7,1,100,0.3,1.4,234,K7C15J2,K7E5C15J2,/home/administrador/giron/labotim/HGS-CVRP/Instances/CVRP/X-n401-k29.vrp,68454.0
235,235,7,K7C15J2,1,500,15,20,20,7,1,100,0.3,1.4,235,K7C15J2,K7E5C15J2,/home/administrador/giron/labotim/HGS-CVRP/Instances/CVRP/X-n331-k15.vrp,32350.0
236,236,7,K7C15J2,1,500,15,20,20,7,1,100,0.3,1.4,236,K7C15J2,K7E5C15J2,/home/administrador/giron/labotim/HGS-CVRP/Instances/CVRP/X-n186-k15.vrp,24941.0
237,237,7,K7C15J2,1,500,15,20,20,7,1,100,0.3,1.4,237,K7C15J2,K7E5C15J2,/home/administrador/giron/labotim/HGS-CVRP/Instances/CVRP/X-n256-k16.vrp,19245.0
238,238,7,K7C15J2,1,500,15,20,20,7,1,100,0.3,1.4,238,K7C15J2,K7E5C15J2,/home/administrador/giron/labotim/HGS-CVRP/Instances/CVRP/X-n219-k73.vrp,117866.0
239,239,7,K7C15J2,1,500,15,20,20,7,1,100,0.3,1.4,239,K7C15J2,K7E6C15J2,/home/administrador/giron/labotim/HGS-CVRP/Instances/CVRP/X-n716-k35.vrp,45517.0
240,240,7,K7C15J2,1,500,15,20,20,7,1,100,0.3,1.4,240,K7C15J2,K7E6C15J2,/home/administrador/giron/labotim/HGS-CVRP/Instances/CVRP/X-n157-k13.vrp,16951.0
241,241,7,K7C15J2,1,500,15,20,20,7,1,100,0.3,1.4,241,K7C15J2,K7E6C15J2,/home/administrador/giron/labotim/HGS-CVRP/Instances/CVRP/X-n200-k36.vrp,60167.0
242,242,7,K7C15J2,1,500,15,20,20,7,1,100,0.3,1.4,242,K7C15J2,K7E6C15J2,/home/administrador/giron/labotim/HGS-CVRP/Instances/CVRP/Golden_20.vrp,1905.0
243,243,7,K7C15J2,1,500,15,20,20,7,1,100,0.3,1.4,243,K7C15J2,K7E6C15J2,/home/administrador/giron/labotim/HGS-CVRP/Instances/CVRP/X-n801-k40.vrp,76319.0
244,244,7,K7C15J2,1,500,15,20,20,7,1,100,0.3,1.4,244,K7C15J2,K7E6C15J2,/home/administrador/giron/labotim/HGS-CVRP/Instances/CVRP/X-n275-k28.vrp,21722.0
245,245,7,K7C15J2,1,500,15,20,20,7,1,100,0.3,1.4,245,K7C15J2,K7E6C15J2,/home/administrador/giron/labotim/HGS-CVRP/Instances/CVRP/X-n153-k22.vrp,21636.0
246,246,7,K7C15J2,1,500,15,20,20,7,1,100,0.3,1.4,246,K7C15J2,K7E6C15J2,/home/administrador/giron/labotim/HGS-CVRP/Instances/CVRP/X-n280-k17.vrp,34394.0
247,247,7,K7C15J2,1,500,15,20,20,7,1,100,0.3,1.4,247,K7C15J2,K7E6C15J2,/home/administrador/giron/labotim/HGS-CVRP/Instances/CVRP/X-n685-k75.vrp,70546.0
248,248,7,K7C15J2,1,500,15,20,20,7,1,100,0.3,1.4,248,K7C15J2,K7E6C15J2,/home/administrador/giron/labotim/HGS-CVRP/Instances/CVRP/X-n655-k131.vrp,107553.0
249,249,7,K7C15J2,1,500,15,20,20,7,1,100,0.3,1.4,249,K7C15J2,K7E6C15J2,/home/administrador/giron/labotim/HGS-CVRP/Instances/CVRP/X-n957-k87.vrp,87708.0
250,250,7,K7C15J2,1,500,15,20,20,7,1,100,0.3,1.4,250,K7C15J2,K7E6C15J2,/home/administrador/giron/labotim/HGS-CVRP/Instances/CVRP/X-n181-k23.vrp,25864.0
251,251,7,K7C15J2,1,500,15,20,20,7,1,100,0.3,1.4,251,K7C15J2,K7E6C15J2,/home/administrador/giron/labotim/HGS-CVRP/Instances/CVRP/X-n172-k51.vrp,46417.0
252,252,7,K7C15J2,1,500,15,20,20,7,1,100,0.3,1.4,252,K7C15J2,K7E6C15J2,/home/administrador/giron/labotim/HGS-CVRP/Instances/CVRP/X-n228-k23.vrp,26363.0
253,253,7,K7C15J2,1,500,15,20,20,7,1,100,0.3,1.4,253,K7C15J2,K7E6C15J2,/home/administrador/giron/labotim/HGS-CVRP/Instances/CVRP/Golden_11.vrp,815.0
254,254,0,K3C10J2,3,700,20,20,60,5,3,150,0.3,1.3,254,K3C10J2,K3E1C10J2,/home/administrador/giron/labotim/HGS-CVRP/Instances/CVRP/X-n162-k11.vrp,14385.0
255,255,0,K3C10J2,3,700,20,20,60,5,3,150,0.3,1.3,255,K3C10J2,K3E1C10J2,/home/administrador/giron/labotim/HGS-CVRP/Instances/CVRP/X-n351-k40.vrp,26972.0
256,256,0,K3C10J2,3,700,20,20,60,5,3,150,0.3,1.3,256,K3C10J2,K3E1C10J2,/home/administrador/giron/labotim/HGS-CVRP/Instances/CVRP/Golden_1.vrp,5801.0
257,257,0,K3C10J2,3,700,20,20,60,5,3,150,0.3,1.3,257,K3C10J2,K3E1C10J2,/home/administrador/giron/labotim/HGS-CVRP/Instances/CVRP/X-n916-k207.vrp,336053.0
258,258,0,K3C10J2,3,700,20,20,60,5,3,150,0.3,1.3,258,K3C10J2,K3E1C10J2,/home/administrador/giron/labotim/HGS-CVRP/Instances/CVRP/X-n359-k29.vrp,53626.0
259,259,0,K3C10J2,3,700,20,20,60,5,3,150,0.3,1.3,259,K3C10J2,K3E1C10J2,/home/administrador/giron/labotim/HGS-CVRP/Instances/CVRP/X-n139-k10.vrp,13768.0
260,260,0,K3C10J2,3,700,20,20,60,5,3,150,0.3,1.3,260,K3C10J2,K3E1C10J2,/home/administrador/giron/labotim/HGS-CVRP/Instances/CVRP/X-n957-k87.vrp,87875.0
261,261,0,K3C10J2,3,700,20,20,60,5,3,150,0.3,1.3,261,K3C10J2,K3E1C10J2,/home/administrador/giron/labotim/HGS-CVRP/Instances/CVRP/X-n766-k71.vrp,118713.0
262,262,0,K3C10J2,3,700,20,20,60,5,3,150,0.3,1.3,262,K3C10J2,K3E1C10J2,/home/administrador/giron/labotim/HGS-CVRP/Instances/CVRP/Golden_8.vrp,12079.0
263,263,0,K3C10J2,3,700,20,20,60,5,3,150,0.3,1.3,263,K3C10J2,K3E1C10J2,/home/administrador/giron/labotim/HGS-CVRP/Instances/CVRP/X-n367-k17.vrp,23571.0
264,264,0,K3C10J2,3,700,20,20,60,5,3,150,0.3,1.3,264,K3C10J2,K3E3C10J2,/home/administrador/giron/labotim/HGS-CVRP/Instances/CVRP/X-n233-k16.vrp,19828.0
265,265,0,K3C10J2,3,700,20,20,60,5,3,150,0.3,1.3,265,K3C10J2,K3E3C10J2,/home/administrador/giron/labotim/HGS-CVRP/Instances/CVRP/Golden_4.vrp,14231.0
266,266,0,K3C10J2,3,700,20,20,60,5,3,150,0.3,1.3,266,K3C10J2,K3E3C10J2,/home/administrador/giron/labotim/HGS-CVRP/Instances/CVRP/X-n783-k48.vrp,76511.0
267,267,0,K3C10J2,3,700,20,20,60,5,3,150,0.3,1.3,267,K3C10J2,K3E3C10J2,/home/administrador/giron/labotim/HGS-CVRP/Instances/CVRP/X-n157-k13.vrp,16948.0
268,268,0,K3C10J2,3,700,20,20,60,5,3,150,0.3,1.3,268,K3C10J2,K3E3C10J2,/home/administrador/giron/labotim/HGS-CVRP/Instances/CVRP/X-n176-k26.vrp,49306.0
269,269,0,K3C10J2,3,700,20,20,60,5,3,150,0.3,1.3,269,K3C10J2,K3E3C10J2,/home/administrador/giron/labotim/HGS-CVRP/Instances/CVRP/X-n548-k50.vrp,88423.0
270,270,0,K3C10J2,3,700,20,20,60,5,3,150,0.3,1.3,270,K3C10J2,K3E3C10J2,/home/administrador/giron/labotim/HGS-CVRP/Instances/CVRP/X-n599-k92.vrp,111625.0
271,271,0,K3C10J2,3,700,20,20,60,5,3,150,0.3,1.3,271,K3C10J2,K3E3C10J2,/home/administrador/giron/labotim/HGS-CVRP/Instances/CVRP/X-n308-k13.vrp,26920.0
272,272,0,K3C10J2,3,700,20,20,60,5,3,150,0.3,1.3,272,K3C10J2,K3E3C10J2,/home/administrador/giron/labotim/HGS-CVRP/Instances/CVRP/X-n284-k15.vrp,21139.0
273,273,0,K3C10J2,3,700,20,20,60,5,3,150,0.3,1.3,273,K3C10J2,K3E3C10J2,/home/administrador/giron/labotim/HGS-CVRP/Instances/CVRP/X-n209-k16.vrp,31578.0
274,274,0,K3C10J2,3,700,20,20,60,5,3,150,0.3,1.3,274,K3C10J2,K3E2C10J2,/home/administrador/giron/labotim/HGS-CVRP/Instances/CVRP/X-n491-k59.vrp,69286.0
275,275,0,K3C10J2,3,700,20,20,60,5,3,150,0.3,1.3,275,K3C10J2,K3E2C10J2,/home/administrador/giron/labotim/HGS-CVRP/Instances/CVRP/X-n129-k18.vrp,29839.0
276,276,0,K3C10J2,3,700,20,20,60,5,3,150,0.3,1.3,276,K3C10J2,K3E2C10J2,/home/administrador/giron/labotim/HGS-CVRP/Instances/CVRP/X-n449-k29.vrp,58229.0
277,277,0,K3C10J2,3,700,20,20,60,5,3,150,0.3,1.3,277,K3C10J2,K3E2C10J2,/home/administrador/giron/labotim/HGS-CVRP/Instances/CVRP/Golden_9.vrp,522.0
278,278,0,K3C10J2,3,700,20,20,60,5,3,150,0.3,1.3,278,K3C10J2,K3E2C10J2,/home/administrador/giron/labotim/HGS-CVRP/Instances/CVRP/X-n134-k13.vrp,11120.0
279,279,0,K3C10J2,3,700,20,20,60,5,3,150,0.3,1.3,279,K3C10J2,K3E2C10J2,/home/administrador/giron/labotim/HGS-CVRP/Instances/CVRP/X-n401-k29.vrp,68332.0
280,280,0,K3C10J2,3,700,20,20,60,5,3,150,0.3,1.3,280,K3C10J2,K3E2C10J2,/home/administrador/giron/labotim/HGS-CVRP/Instances/CVRP/CMT12.vrp,824.0
281,281,0,K3C10J2,3,700,20,20,60,5,3,150,0.3,1.3,281,K3C10J2,K3E2C10J2,/home/administrador/giron/labotim/HGS-CVRP/Instances/CVRP/X-n439-k37.vrp,37376.0
282,282,0,K3C10J2,3,700,20,20,60,5,3,150,0.3,1.3,282,K3C10J2,K3E2C10J2,/home/administrador/giron/labotim/HGS-CVRP/Instances/CVRP/X-n480-k70.vrp,91519.0
283,283,0,K3C10J2,3,700,20,20,60,5,3,150,0.3,1.3,283,K3C10J2,K3E2C10J2,/home/administrador/giron/labotim/HGS-CVRP/Instances/CVRP/X-n228-k23.vrp,26362.0
284,284,6,K7C10J2,4,500,20,20,20,5,4,50,0.3,1.2,284,K7C10J2,K7E6C10J2,/home/administrador/giron/labotim/HGS-CVRP/Instances/CVRP/X-n536-k96.vrp,97039.0
285,285,6,K7C10J2,4,500,20,20,20,5,4,50,0.3,1.2,285,K7C10J2,K7E6C10J2,/home/administrador/giron/labotim/HGS-CVRP/Instances/CVRP/CMT5.vrp,1333.0
286,286,6,K7C10J2,4,500,20,20,20,5,4,50,0.3,1.2,286,K7C10J2,K7E6C10J2,/home/administrador/giron/labotim/HGS-CVRP/Instances/CVRP/X-n317-k53.vrp,78954.0
287,287,6,K7C10J2,4,500,20,20,20,5,4,50,0.3,1.2,287,K7C10J2,K7E6C10J2,/home/administrador/giron/labotim/HGS-CVRP/Instances/CVRP/X-n439-k37.vrp,37339.0
288,288,6,K7C10J2,4,500,20,20,20,5,4,50,0.3,1.2,288,K7C10J2,K7E6C10J2,/home/administrador/giron/labotim/HGS-CVRP/Instances/CVRP/CMT3.vrp,828.0
289,289,6,K7C10J2,4,500,20,20,20,5,4,50,0.3,1.2,289,K7C10J2,K7E6C10J2,/home/administrador/giron/labotim/HGS-CVRP/Instances/CVRP/CMT2.vrp,843.0
290,290,6,K7C10J2,4,500,20,20,20,5,4,50,0.3,1.2,290,K7C10J2,K7E6C10J2,/home/administrador/giron/labotim/HGS-CVRP/Instances/CVRP/X-n573-k30.vrp,52077.0
291,291,6,K7C10J2,4,500,20,20,20,5,4,50,0.3,1.2,291,K7C10J2,K7E6C10J2,/home/administrador/giron/labotim/HGS-CVRP/Instances/CVRP/X-n367-k17.vrp,23504.0
292,292,6,K7C10J2,4,500,20,20,20,5,4,50,0.3,1.2,292,K7C10J2,K7E6C10J2,/home/administrador/giron/labotim/HGS-CVRP/Instances/CVRP/X-n251-k28.vrp,39666.0
293,293,6,K7C10J2,4,500,20,20,20,5,4,50,0.3,1.2,293,K7C10J2,K7E6C10J2,/home/administrador/giron/labotim/HGS-CVRP/Instances/CVRP/X-n256-k16.vrp,19245.0
294,294,6,K7C10J2,4,500,20,20,20,5,4,50,0.3,1.2,294,K7C10J2,K7E4C10J2,/home/administrador/giron/labotim/HGS-CVRP/Instances/CVRP/X-n411-k19.vrp,20618.0
295,295,6,K7C10J2,4,500,20,20,20,5,4,50,0.3,1.2,295,K7C10J2,K7E4C10J2,/home/administrador/giron/labotim/HGS-CVRP/Instances/CVRP/X-n172-k51.vrp,46417.0
296,296,6,K7C10J2,4,500,20,20,20,5,4,50,0.3,1.2,296,K7C10J2,K7E4C10J2,/home/administrador/giron/labotim/HGS-CVRP/Instances/CVRP/Golden_15.vrp,1411.0
297,297,6,K7C10J2,4,500,20,20,20,5,4,50,0.3,1.2,297,K7C10J2,K7E4C10J2,/home/administrador/giron/labotim/HGS-CVRP/Instances/CVRP/X-n401-k29.vrp,68200.0
298,298,6,K7C10J2,4,500,20,20,20,5,4,50,0.3,1.2,298,K7C10J2,K7E4C10J2,/home/administrador/giron/labotim/HGS-CVRP/Instances/CVRP/X-n157-k13.vrp,16951.0
299,299,6,K7C10J2,4,500,20,20,20,5,4,50,0.3,1.2,299,K7C10J2,K7E4C10J2,/home/administrador/giron/labotim/HGS-CVRP/Instances/CVRP/X-n106-k14.vrp,26635.0
300,300,6,K7C10J2,4,500,20,20,20,5,4,50,0.3,1.2,300,K7C10J2,K7E4C10J2,/home/administrador/giron/labotim/HGS-CVRP/Instances/CVRP/X-n513-k21.vrp,24911.0
301,301,6,K7C10J2,4,500,20,20,20,5,4,50,0.3,1.2,301,K7C10J2,K7E4C10J2,/home/administrador/giron/labotim/HGS-CVRP/Instances/CVRP/X-n701-k44.vrp,85466.0
302,302,6,K7C10J2,4,500,20,20,20,5,4,50,0.3,1.2,302,K7C10J2,K7E4C10J2,/home/administrador/giron/labotim/HGS-CVRP/Instances/CVRP/X-n359-k29.vrp,53418.0
303,303,6,K7C10J2,4,500,20,20,20,5,4,50,0.3,1.2,303,K7C10J2,K7E4C10J2,/home/administrador/giron/labotim/HGS-CVRP/Instances/CVRP/X-n393-k38.vrp,39435.0
304,304,6,K7C10J2,4,500,20,20,20,5,4,50,0.3,1.2,304,K7C10J2,K7E3C10J2,/home/administrador/giron/labotim/HGS-CVRP/Instances/CVRP/X-n308-k13.vrp,26867.0
305,305,6,K7C10J2,4,500,20,20,20,5,4,50,0.3,1.2,305,K7C10J2,K7E3C10J2,/home/administrador/giron/labotim/HGS-CVRP/Instances/CVRP/X-n261-k13.vrp,27975.0
306,306,6,K7C10J2,4,500,20,20,20,5,4,50,0.3,1.2,306,K7C10J2,K7E3C10J2,/home/administrador/giron/labotim/HGS-CVRP/Instances/CVRP/X-n110-k13.vrp,15166.0
307,307,6,K7C10J2,4,500,20,20,20,5,4,50,0.3,1.2,307,K7C10J2,K7E3C10J2,/home/administrador/giron/labotim/HGS-CVRP/Instances/CVRP/X-n120-k6.vrp,13612.0
308,308,6,K7C10J2,4,500,20,20,20,5,4,50,0.3,1.2,308,K7C10J2,K7E3C10J2,/home/administrador/giron/labotim/HGS-CVRP/Instances/CVRP/CMT1.vrp,521.0
309,309,6,K7C10J2,4,500,20,20,20,5,4,50,0.3,1.2,309,K7C10J2,K7E3C10J2,/home/administrador/giron/labotim/HGS-CVRP/Instances/CVRP/X-n270-k35.vrp,36277.0
310,310,6,K7C10J2,4,500,20,20,20,5,4,50,0.3,1.2,310,K7C10J2,K7E3C10J2,/home/administrador/giron/labotim/HGS-CVRP/Instances/CVRP/X-n115-k10.vrp,12747.0
311,311,6,K7C10J2,4,500,20,20,20,5,4,50,0.3,1.2,311,K7C10J2,K7E3C10J2,/home/administrador/giron/labotim/HGS-CVRP/Instances/CVRP/Golden_17.vrp,722.0
312,312,6,K7C10J2,4,500,20,20,20,5,4,50,0.3,1.2,312,K7C10J2,K7E3C10J2,/home/administrador/giron/labotim/HGS-CVRP/Instances/CVRP/X-n275-k28.vrp,21692.0
313,313,6,K7C10J2,4,500,20,20,20,5,4,50,0.3,1.2,313,K7C10J2,K7E3C10J2,/home/administrador/giron/labotim/HGS-CVRP/Instances/CVRP/X-n449-k29.vrp,57839.0
314,314,6,K7C10J2,4,500,20,20,20,5,4,50,0.3,1.2,314,K7C10J2,K7E5C10J2,/home/administrador/giron/labotim/HGS-CVRP/Instances/CVRP/X-n586-k159.vrp,194302.0
315,315,6,K7C10J2,4,500,20,20,20,5,4,50,0.3,1.2,315,K7C10J2,K7E5C10J2,/home/administrador/giron/labotim/HGS-CVRP/Instances/CVRP/X-n129-k18.vrp,30004.0
316,316,6,K7C10J2,4,500,20,20,20,5,4,50,0.3,1.2,316,K7C10J2,K7E5C10J2,/home/administrador/giron/labotim/HGS-CVRP/Instances/CVRP/X-n459-k26.vrp,25091.0
317,317,6,K7C10J2,4,500,20,20,20,5,4,50,0.3,1.2,317,K7C10J2,K7E5C10J2,/home/administrador/giron/labotim/HGS-CVRP/Instances/CVRP/X-n176-k26.vrp,48716.0
318,318,6,K7C10J2,4,500,20,20,20,5,4,50,0.3,1.2,318,K7C10J2,K7E5C10J2,/home/administrador/giron/labotim/HGS-CVRP/Instances/CVRP/Golden_18.vrp,1046.0
319,319,6,K7C10J2,4,500,20,20,20,5,4,50,0.3,1.2,319,K7C10J2,K7E5C10J2,/home/administrador/giron/labotim/HGS-CVRP/Instances/CVRP/X-n819-k171.vrp,162576.0
320,320,6,K7C10J2,4,500,20,20,20,5,4,50,0.3,1.2,320,K7C10J2,K7E5C10J2,/home/administrador/giron/labotim/HGS-CVRP/Instances/CVRP/X-n749-k98.vrp,80564.0
321,321,6,K7C10J2,4,500,20,20,20,5,4,50,0.3,1.2,321,K7C10J2,K7E5C10J2,/home/administrador/giron/labotim/HGS-CVRP/Instances/CVRP/X-n733-k159.vrp,141208.0
322,322,6,K7C10J2,4,500,20,20,20,5,4,50,0.3,1.2,322,K7C10J2,K7E5C10J2,/home/administrador/giron/labotim/HGS-CVRP/Instances/CVRP/X-n384-k52.vrp,67787.0
323,323,6,K7C10J2,4,500,20,20,20,5,4,50,0.3,1.2,323,K7C10J2,K7E5C10J2,/home/administrador/giron/labotim/HGS-CVRP/Instances/CVRP/Golden_6.vrp,8621.0
324,324,6,K7C10J2,4,500,20,20,20,5,4,50,0.3,1.2,324,K7C10J2,K7E7C10J2,/home/administrador/giron/labotim/HGS-CVRP/Instances/CVRP/Golden_9.vrp,521.0
325,325,6,K7C10J2,4,500,20,20,20,5,4,50,0.3,1.2,325,K7C10J2,K7E7C10J2,/home/administrador/giron/labotim/HGS-CVRP/Instances/CVRP/CMT13.vrp,1561.0
326,326,6,K7C10J2,4,500,20,20,20,5,4,50,0.3,1.2,326,K7C10J2,K7E7C10J2,/home/administrador/giron/labotim/HGS-CVRP/Instances/CVRP/X-n376-k94.vrp,148696.0
327,327,6,K7C10J2,4,500,20,20,20,5,4,50,0.3,1.2,327,K7C10J2,K7E7C10J2,/home/administrador/giron/labotim/HGS-CVRP/Instances/CVRP/Golden_13.vrp,886.0
328,328,6,K7C10J2,4,500,20,20,20,5,4,50,0.3,1.2,328,K7C10J2,K7E7C10J2,/home/administrador/giron/labotim/HGS-CVRP/Instances/CVRP/X-n480-k70.vrp,92103.0
329,329,6,K7C10J2,4,500,20,20,20,5,4,50,0.3,1.2,329,K7C10J2,K7E7C10J2,/home/administrador/giron/labotim/HGS-CVRP/Instances/CVRP/X-n957-k87.vrp,87594.0
330,330,6,K7C10J2,4,500,20,20,20,5,4,50,0.3,1.2,330,K7C10J2,K7E7C10J2,/home/administrador/giron/labotim/HGS-CVRP/Instances/CVRP/X-n502-k39.vrp,69949.0
331,331,6,K7C10J2,4,500,20,20,20,5,4,50,0.3,1.2,331,K7C10J2,K7E7C10J2,/home/administrador/giron/labotim/HGS-CVRP/Instances/CVRP/X-n936-k151.vrp,
332,332,6,K7C10J2,4,500,20,20,20,5,4,50,0.3,1.2,332,K7C10J2,K7E7C10J2,/home/administrador/giron/labotim/HGS-CVRP/Instances/CVRP/X-n916-k207.vrp,336103.0
333,333,6,K7C10J2,4,500,20,20,20,5,4,50,0.3,1.2,333,K7C10J2,K7E7C10J2,/home/administrador/giron/labotim/HGS-CVRP/Instances/CVRP/X-n204-k19.vrp,19991.0
334,334,6,K7C10J2,4,500,20,20,20,5,4,50,0.3,1.2,334,K7C10J2,K7E2C10J2,/home/administrador/giron/labotim/HGS-CVRP/Instances/CVRP/X-n148-k46.vrp,44169.0
335,335,6,K7C10J2,4,500,20,20,20,5,4,50,0.3,1.2,335,K7C10J2,K7E2C10J2,/home/administrador/giron/labotim/HGS-CVRP/Instances/CVRP/X-n685-k75.vrp,71093.0
336,336,6,K7C10J2,4,500,20,20,20,5,4,50,0.3,1.2,336,K7C10J2,K7E2C10J2,/home/administrador/giron/labotim/HGS-CVRP/Instances/CVRP/CMT4.vrp,1030.0
337,337,6,K7C10J2,4,500,20,20,20,5,4,50,0.3,1.2,337,K7C10J2,K7E2C10J2,/home/administrador/giron/labotim/HGS-CVRP/Instances/CVRP/X-n237-k14.vrp,27897.0
338,338,6,K7C10J2,4,500,20,20,20,5,4,50,0.3,1.2,338,K7C10J2,K7E2C10J2,/home/administrador/giron/labotim/HGS-CVRP/Instances/CVRP/Golden_5.vrp,6472.0
339,339,6,K7C10J2,4,500,20,20,20,5,4,50,0.3,1.2,339,K7C10J2,K7E2C10J2,/home/administrador/giron/labotim/HGS-CVRP/Instances/CVRP/X-n655-k131.vrp,107553.0
340,340,6,K7C10J2,4,500,20,20,20,5,4,50,0.3,1.2,340,K7C10J2,K7E2C10J2,/home/administrador/giron/labotim/HGS-CVRP/Instances/CVRP/X-n327-k20.vrp,28798.0
341,341,6,K7C10J2,4,500,20,20,20,5,4,50,0.3,1.2,341,K7C10J2,K7E2C10J2,/home/administrador/giron/labotim/HGS-CVRP/Instances/CVRP/X-n280-k17.vrp,34394.0
342,342,6,K7C10J2,4,500,20,20,20,5,4,50,0.3,1.2,342,K7C10J2,K7E2C10J2,/home/administrador/giron/labotim/HGS-CVRP/Instances/CVRP/X-n266-k58.vrp,77173.0
343,343,6,K7C10J2,4,500,20,20,20,5,4,50,0.3,1.2,343,K7C10J2,K7E2C10J2,/home/administrador/giron/labotim/HGS-CVRP/Instances/CVRP/X-n186-k15.vrp,24754.0
344,344,6,K7C10J2,4,500,20,20,20,5,4,50,0.3,1.2,344,K7C10J2,K7E1C10J2,/home/administrador/giron/labotim/HGS-CVRP/Instances/CVRP/CMT8.vrp,856.0
345,345,6,K7C10J2,4,500,20,20,20,5,4,50,0.3,1.2,345,K7C10J2,K7E1C10J2,/home/administrador/giron/labotim/HGS-CVRP/Instances/CVRP/X-n181-k23.vrp,25866.0
346,346,6,K7C10J2,4,500,20,20,20,5,4,50,0.3,1.2,346,K7C10J2,K7E1C10J2,/home/administrador/giron/labotim/HGS-CVRP/Instances/CVRP/Golden_8.vrp,11963.0
347,347,6,K7C10J2,4,500,20,20,20,5,4,50,0.3,1.2,347,K7C10J2,K7E1C10J2,/home/administrador/giron/labotim/HGS-CVRP/Instances/CVRP/Golden_3.vrp,11221.0
348,348,6,K7C10J2,4,500,20,20,20,5,4,50,0.3,1.2,348,K7C10J2,K7E1C10J2,/home/administrador/giron/labotim/HGS-CVRP/Instances/CVRP/X-n219-k73.vrp,117866.0
349,349,6,K7C10J2,4,500,20,20,20,5,4,50,0.3,1.2,349,K7C10J2,K7E1C10J2,/home/administrador/giron/labotim/HGS-CVRP/Instances/CVRP/Golden_1.vrp,5820.0
350,350,6,K7C10J2,4,500,20,20,20,5,4,50,0.3,1.2,350,K7C10J2,K7E1C10J2,/home/administrador/giron/labotim/HGS-CVRP/Instances/CVRP/X-n420-k130.vrp,110261.0
351,351,6,K7C10J2,4,500,20,20,20,5,4,50,0.3,1.2,351,K7C10J2,K7E1C10J2,/home/administrador/giron/labotim/HGS-CVRP/Instances/CVRP/X-n162-k11.vrp,14286.0
352,352,6,K7C10J2,4,500,20,20,20,5,4,50,0.3,1.2,352,K7C10J2,K7E1C10J2,/home/administrador/giron/labotim/HGS-CVRP/Instances/CVRP/CMT10.vrp,1433.0
353,353,6,K7C10J2,4,500,20,20,20,5,4,50,0.3,1.2,353,K7C10J2,K7E1C10J2,/home/administrador/giron/labotim/HGS-CVRP/Instances/CVRP/X-n1001-k43.vrp,76794.0
354,354,8,K7C18J2,4,250,15,20,20,3,4,100,0.3,1.2,354,K7C18J2,K7E4C18J2,/home/administrador/giron/labotim/HGS-CVRP/Instances/CVRP/X-n204-k19.vrp,20077.0
355,355,8,K7C18J2,4,250,15,20,20,3,4,100,0.3,1.2,355,K7C18J2,K7E4C18J2,/home/administrador/giron/labotim/HGS-CVRP/Instances/CVRP/X-n251-k28.vrp,39660.0
356,356,8,K7C18J2,4,250,15,20,20,3,4,100,0.3,1.2,356,K7C18J2,K7E4C18J2,/home/administrador/giron/labotim/HGS-CVRP/Instances/CVRP/X-n237-k14.vrp,27643.0
357,357,8,K7C18J2,4,250,15,20,20,3,4,100,0.3,1.2,357,K7C18J2,K7E4C18J2,/home/administrador/giron/labotim/HGS-CVRP/Instances/CVRP/X-n157-k13.vrp,16990.0
358,358,8,K7C18J2,4,250,15,20,20,3,4,100,0.3,1.2,358,K7C18J2,K7E4C18J2,/home/administrador/giron/labotim/HGS-CVRP/Instances/CVRP/X-n336-k84.vrp,
359,359,8,K7C18J2,4,250,15,20,20,3,4,100,0.3,1.2,359,K7C18J2,K7E4C18J2,/home/administrador/giron/labotim/HGS-CVRP/Instances/CVRP/X-n670-k130.vrp,
360,360,8,K7C18J2,4,250,15,20,20,3,4,100,0.3,1.2,360,K7C18J2,K7E4C18J2,/home/administrador/giron/labotim/HGS-CVRP/Instances/CVRP/X-n327-k20.vrp,28706.0
361,361,8,K7C18J2,4,250,15,20,20,3,4,100,0.3,1.2,361,K7C18J2,K7E4C18J2,/home/administrador/giron/labotim/HGS-CVRP/Instances/CVRP/Golden_6.vrp,8549.0
362,362,8,K7C18J2,4,250,15,20,20,3,4,100,0.3,1.2,362,K7C18J2,K7E4C18J2,/home/administrador/giron/labotim/HGS-CVRP/Instances/CVRP/X-n247-k50.vrp,
363,363,8,K7C18J2,4,250,15,20,20,3,4,100,0.3,1.2,363,K7C18J2,K7E4C18J2,/home/administrador/giron/labotim/HGS-CVRP/Instances/CVRP/Golden_4.vrp,14156.0
364,364,8,K7C18J2,4,250,15,20,20,3,4,100,0.3,1.2,364,K7C18J2,K7E4C18J2,/home/administrador/giron/labotim/HGS-CVRP/Instances/CVRP/X-n106-k14.vrp,26653.0
365,365,8,K7C18J2,4,250,15,20,20,3,4,100,0.3,1.2,365,K7C18J2,K7E4C18J2,/home/administrador/giron/labotim/HGS-CVRP/Instances/CVRP/X-n367-k17.vrp,23739.0
366,366,8,K7C18J2,4,250,15,20,20,3,4,100,0.3,1.2,366,K7C18J2,K7E4C18J2,/home/administrador/giron/labotim/HGS-CVRP/Instances/CVRP/X-n101-k25.vrp,28124.0
367,367,8,K7C18J2,4,250,15,20,20,3,4,100,0.3,1.2,367,K7C18J2,K7E4C18J2,/home/administrador/giron/labotim/HGS-CVRP/Instances/CVRP/X-n536-k96.vrp,97034.0
368,368,8,K7C18J2,4,250,15,20,20,3,4,100,0.3,1.2,368,K7C18J2,K7E4C18J2,/home/administrador/giron/labotim/HGS-CVRP/Instances/CVRP/CMT2.vrp,843.0
369,369,8,K7C18J2,4,250,15,20,20,3,4,100,0.3,1.2,369,K7C18J2,K7E4C18J2,/home/administrador/giron/labotim/HGS-CVRP/Instances/CVRP/X-n344-k43.vrp,43520.0
370,370,8,K7C18J2,4,250,15,20,20,3,4,100,0.3,1.2,370,K7C18J2,K7E4C18J2,/home/administrador/giron/labotim/HGS-CVRP/Instances/CVRP/X-n480-k70.vrp,91723.0
371,371,8,K7C18J2,4,250,15,20,20,3,4,100,0.3,1.2,371,K7C18J2,K7E4C18J2,/home/administrador/giron/labotim/HGS-CVRP/Instances/CVRP/Golden_1.vrp,5788.0
372,372,8,K7C18J2,4,250,15,20,20,3,4,100,0.3,1.2,372,K7C18J2,K7E1C18J2,/home/administrador/giron/labotim/HGS-CVRP/Instances/CVRP/Golden_5.vrp,6503.0
373,373,8,K7C18J2,4,250,15,20,20,3,4,100,0.3,1.2,373,K7C18J2,K7E1C18J2,/home/administrador/giron/labotim/HGS-CVRP/Instances/CVRP/X-n573-k30.vrp,52124.0
374,374,8,K7C18J2,4,250,15,20,20,3,4,100,0.3,1.2,374,K7C18J2,K7E1C18J2,/home/administrador/giron/labotim/HGS-CVRP/Instances/CVRP/X-n895-k37.vrp,57106.0
375,375,8,K7C18J2,4,250,15,20,20,3,4,100,0.3,1.2,375,K7C18J2,K7E1C18J2,/home/administrador/giron/labotim/HGS-CVRP/Instances/CVRP/X-n524-k153.vrp,
376,376,8,K7C18J2,4,250,15,20,20,3,4,100,0.3,1.2,376,K7C18J2,K7E1C18J2,/home/administrador/giron/labotim/HGS-CVRP/Instances/CVRP/X-n209-k16.vrp,31508.0
377,377,8,K7C18J2,4,250,15,20,20,3,4,100,0.3,1.2,377,K7C18J2,K7E1C18J2,/home/administrador/giron/labotim/HGS-CVRP/Instances/CVRP/X-n801-k40.vrp,75922.0
378,378,8,K7C18J2,4,250,15,20,20,3,4,100,0.3,1.2,378,K7C18J2,K7E1C18J2,/home/administrador/giron/labotim/HGS-CVRP/Instances/CVRP/Golden_8.vrp,11987.0
379,379,8,K7C18J2,4,250,15,20,20,3,4,100,0.3,1.2,379,K7C18J2,K7E1C18J2,/home/administrador/giron/labotim/HGS-CVRP/Instances/CVRP/X-n586-k159.vrp,193974.0
380,380,8,K7C18J2,4,250,15,20,20,3,4,100,0.3,1.2,380,K7C18J2,K7E1C18J2,/home/administrador/giron/labotim/HGS-CVRP/Instances/CVRP/Golden_2.vrp,8561.0
381,381,8,K7C18J2,4,250,15,20,20,3,4,100,0.3,1.2,381,K7C18J2,K7E1C18J2,/home/administrador/giron/labotim/HGS-CVRP/Instances/CVRP/Golden_14.vrp,1136.0
382,382,8,K7C18J2,4,250,15,20,20,3,4,100,0.3,1.2,382,K7C18J2,K7E1C18J2,/home/administrador/giron/labotim/HGS-CVRP/Instances/CVRP/X-n599-k92.vrp,111654.0
383,383,8,K7C18J2,4,250,15,20,20,3,4,100,0.3,1.2,383,K7C18J2,K7E1C18J2,/home/administrador/giron/labotim/HGS-CVRP/Instances/CVRP/X-n110-k13.vrp,15041.0
384,384,8,K7C18J2,4,250,15,20,20,3,4,100,0.3,1.2,384,K7C18J2,K7E1C18J2,/home/administrador/giron/labotim/HGS-CVRP/Instances/CVRP/CMT8.vrp,859.0
385,385,8,K7C18J2,4,250,15,20,20,3,4,100,0.3,1.2,385,K7C18J2,K7E1C18J2,/home/administrador/giron/labotim/HGS-CVRP/Instances/CVRP/X-n401-k29.vrp,68507.0
386,386,8,K7C18J2,4,250,15,20,20,3,4,100,0.3,1.2,386,K7C18J2,K7E1C18J2,/home/administrador/giron/labotim/HGS-CVRP/Instances/CVRP/X-n266-k58.vrp,77157.0
387,387,8,K7C18J2,4,250,15,20,20,3,4,100,0.3,1.2,387,K7C18J2,K7E1C18J2,/home/administrador/giron/labotim/HGS-CVRP/Instances/CVRP/X-n125-k30.vrp,56901.0
388,388,8,K7C18J2,4,250,15,20,20,3,4,100,0.3,1.2,388,K7C18J2,K7E1C18J2,/home/administrador/giron/labotim/HGS-CVRP/Instances/CVRP/Golden_9.vrp,522.0
389,389,8,K7C18J2,4,250,15,20,20,3,4,100,0.3,1.2,389,K7C18J2,K7E1C18J2,/home/administrador/giron/labotim/HGS-CVRP/Instances/CVRP/X-n359-k29.vrp,53537.0
390,390,8,K7C18J2,4,250,15,20,20,3,4,100,0.3,1.2,390,K7C18J2,K7E5C18J2,/home/administrador/giron/labotim/HGS-CVRP/Instances/CVRP/X-n256-k16.vrp,19236.0
391,391,8,K7C18J2,4,250,15,20,20,3,4,100,0.3,1.2,391,K7C18J2,K7E5C18J2,/home/administrador/giron/labotim/HGS-CVRP/Instances/CVRP/X-n837-k142.vrp,198749.0
392,392,8,K7C18J2,4,250,15,20,20,3,4,100,0.3,1.2,392,K7C18J2,K7E5C18J2,/home/administrador/giron/labotim/HGS-CVRP/Instances/CVRP/X-n819-k171.vrp,162037.0
393,393,8,K7C18J2,4,250,15,20,20,3,4,100,0.3,1.2,393,K7C18J2,K7E5C18J2,/home/administrador/giron/labotim/HGS-CVRP/Instances/CVRP/CMT7.vrp,905.0
394,394,8,K7C18J2,4,250,15,20,20,3,4,100,0.3,1.2,394,K7C18J2,K7E5C18J2,/home/administrador/giron/labotim/HGS-CVRP/Instances/CVRP/X-n469-k138.vrp,226094.0
395,395,8,K7C18J2,4,250,15,20,20,3,4,100,0.3,1.2,395,K7C18J2,K7E5C18J2,/home/administrador/giron/labotim/HGS-CVRP/Instances/CVRP/X-n1001-k43.vrp,77158.0
396,396,8,K7C18J2,4,250,15,20,20,3,4,100,0.3,1.2,396,K7C18J2,K7E5C18J2,/home/administrador/giron/labotim/HGS-CVRP/Instances/CVRP/X-n242-k48.vrp,84762.0
397,397,8,K7C18J2,4,250,15,20,20,3,4,100,0.3,1.2,397,K7C18J2,K7E5C18J2,/home/administrador/giron/labotim/HGS-CVRP/Instances/CVRP/X-n195-k51.vrp,45271.0
398,398,8,K7C18J2,4,250,15,20,20,3,4,100,0.3,1.2,398,K7C18J2,K7E5C18J2,/home/administrador/giron/labotim/HGS-CVRP/Instances/CVRP/X-n613-k62.vrp,62615.0
399,399,8,K7C18J2,4,250,15,20,20,3,4,100,0.3,1.2,399,K7C18J2,K7E5C18J2,/home/administrador/giron/labotim/HGS-CVRP/Instances/CVRP/X-n261-k13.vrp,28118.0
400,400,8,K7C18J2,4,250,15,20,20,3,4,100,0.3,1.2,400,K7C18J2,K7E5C18J2,/home/administrador/giron/labotim/HGS-CVRP/Instances/CVRP/CMT11.vrp,1136.0
401,401,8,K7C18J2,4,250,15,20,20,3,4,100,0.3,1.2,401,K7C18J2,K7E5C18J2,/home/administrador/giron/labotim/HGS-CVRP/Instances/CVRP/CMT3.vrp,823.0
402,402,8,K7C18J2,4,250,15,20,20,3,4,100,0.3,1.2,402,K7C18J2,K7E5C18J2,/home/administrador/giron/labotim/HGS-CVRP/Instances/CVRP/Golden_13.vrp,887.0
403,403,8,K7C18J2,4,250,15,20,20,3,4,100,0.3,1.2,403,K7C18J2,K7E5C18J2,/home/administrador/giron/labotim/HGS-CVRP/Instances/CVRP/Golden_7.vrp,10347.0
404,404,8,K7C18J2,4,250,15,20,20,3,4,100,0.3,1.2,404,K7C18J2,K7E5C18J2,/home/administrador/giron/labotim/HGS-CVRP/Instances/CVRP/CMT1.vrp,521.0
405,405,8,K7C18J2,4,250,15,20,20,3,4,100,0.3,1.2,405,K7C18J2,K7E5C18J2,/home/administrador/giron/labotim/HGS-CVRP/Instances/CVRP/X-n115-k10.vrp,12777.0
406,406,8,K7C18J2,4,250,15,20,20,3,4,100,0.3,1.2,406,K7C18J2,K7E5C18J2,/home/administrador/giron/labotim/HGS-CVRP/Instances/CVRP/X-n139-k10.vrp,13689.0
407,407,8,K7C18J2,4,250,15,20,20,3,4,100,0.3,1.2,407,K7C18J2,K7E5C18J2,/home/administrador/giron/labotim/HGS-CVRP/Instances/CVRP/CMT4.vrp,1030.0
408,408,8,K7C18J2,4,250,15,20,20,3,4,100,0.3,1.2,408,K7C18J2,K7E6C18J2,/home/administrador/giron/labotim/HGS-CVRP/Instances/CVRP/X-n294-k50.vrp,48682.0
409,409,8,K7C18J2,4,250,15,20,20,3,4,100,0.3,1.2,409,K7C18J2,K7E6C18J2,/home/administrador/giron/labotim/HGS-CVRP/Instances/CVRP/X-n701-k44.vrp,85716.0
410,410,8,K7C18J2,4,250,15,20,20,3,4,100,0.3,1.2,410,K7C18J2,K7E6C18J2,/home/administrador/giron/labotim/HGS-CVRP/Instances/CVRP/X-n420-k130.vrp,110030.0
411,411,8,K7C18J2,4,250,15,20,20,3,4,100,0.3,1.2,411,K7C18J2,K7E6C18J2,/home/administrador/giron/labotim/HGS-CVRP/Instances/CVRP/Golden_20.vrp,1901.0
412,412,8,K7C18J2,4,250,15,20,20,3,4,100,0.3,1.2,412,K7C18J2,K7E6C18J2,/home/administrador/giron/labotim/HGS-CVRP/Instances/CVRP/X-n393-k38.vrp,39690.0
413,413,8,K7C18J2,4,250,15,20,20,3,4,100,0.3,1.2,413,K7C18J2,K7E6C18J2,/home/administrador/giron/labotim/HGS-CVRP/Instances/CVRP/X-n317-k53.vrp,79017.0
414,414,8,K7C18J2,4,250,15,20,20,3,4,100,0.3,1.2,414,K7C18J2,K7E6C18J2,/home/administrador/giron/labotim/HGS-CVRP/Instances/CVRP/X-n289-k60.vrp,97575.0
415,415,8,K7C18J2,4,250,15,20,20,3,4,100,0.3,1.2,415,K7C18J2,K7E6C18J2,/home/administrador/giron/labotim/HGS-CVRP/Instances/CVRP/X-n351-k40.vrp,27176.0
416,416,8,K7C18J2,4,250,15,20,20,3,4,100,0.3,1.2,416,K7C18J2,K7E6C18J2,/home/administrador/giron/labotim/HGS-CVRP/Instances/CVRP/X-n303-k21.vrp,22429.0
417,417,8,K7C18J2,4,250,15,20,20,3,4,100,0.3,1.2,417,K7C18J2,K7E6C18J2,/home/administrador/giron/labotim/HGS-CVRP/Instances/CVRP/X-n284-k15.vrp,21246.0
418,418,8,K7C18J2,4,250,15,20,20,3,4,100,0.3,1.2,418,K7C18J2,K7E6C18J2,/home/administrador/giron/labotim/HGS-CVRP/Instances/CVRP/Golden_16.vrp,1704.0
419,419,8,K7C18J2,4,250,15,20,20,3,4,100,0.3,1.2,419,K7C18J2,K7E6C18J2,/home/administrador/giron/labotim/HGS-CVRP/Instances/CVRP/X-n280-k17.vrp,34710.0
420,420,8,K7C18J2,4,250,15,20,20,3,4,100,0.3,1.2,420,K7C18J2,K7E6C18J2,/home/administrador/giron/labotim/HGS-CVRP/Instances/CVRP/X-n502-k39.vrp,69930.0
421,421,8,K7C18J2,4,250,15,20,20,3,4,100,0.3,1.2,421,K7C18J2,K7E6C18J2,/home/administrador/giron/labotim/HGS-CVRP/Instances/CVRP/Golden_15.vrp,1402.0
422,422,8,K7C18J2,4,250,15,20,20,3,4,100,0.3,1.2,422,K7C18J2,K7E6C18J2,/home/administrador/giron/labotim/HGS-CVRP/Instances/CVRP/Golden_11.vrp,811.0
423,423,8,K7C18J2,4,250,15,20,20,3,4,100,0.3,1.2,423,K7C18J2,K7E6C18J2,/home/administrador/giron/labotim/HGS-CVRP/Instances/CVRP/X-n957-k87.vrp,87676.0
424,424,8,K7C18J2,4,250,15,20,20,3,4,100,0.3,1.2,424,K7C18J2,K7E6C18J2,/home/administrador/giron/labotim/HGS-CVRP/Instances/CVRP/X-n936-k151.vrp,
425,425,8,K7C18J2,4,250,15,20,20,3,4,100,0.3,1.2,425,K7C18J2,K7E6C18J2,/home/administrador/giron/labotim/HGS-CVRP/Instances/CVRP/X-n655-k131.vrp,107584.0
426,426,8,K7C18J2,4,250,15,20,20,3,4,100,0.3,1.2,426,K7C18J2,K7E7C18J2,/home/administrador/giron/labotim/HGS-CVRP/Instances/CVRP/X-n176-k26.vrp,48969.0
427,427,8,K7C18J2,4,250,15,20,20,3,4,100,0.3,1.2,427,K7C18J2,K7E7C18J2,/home/administrador/giron/labotim/HGS-CVRP/Instances/CVRP/X-n129-k18.vrp,29829.0
428,428,8,K7C18J2,4,250,15,20,20,3,4,100,0.3,1.2,428,K7C18J2,K7E7C18J2,/home/administrador/giron/labotim/HGS-CVRP/Instances/CVRP/X-n685-k75.vrp,71152.0
429,429,8,K7C18J2,4,250,15,20,20,3,4,100,0.3,1.2,429,K7C18J2,K7E7C18J2,/home/administrador/giron/labotim/HGS-CVRP/Instances/CVRP/X-n766-k71.vrp,119031.0
430,430,8,K7C18J2,4,250,15,20,20,3,4,100,0.3,1.2,430,K7C18J2,K7E7C18J2,/home/administrador/giron/labotim/HGS-CVRP/Instances/CVRP/X-n439-k37.vrp,37441.0
431,431,8,K7C18J2,4,250,15,20,20,3,4,100,0.3,1.2,431,K7C18J2,K7E7C18J2,/home/administrador/giron/labotim/HGS-CVRP/Instances/CVRP/X-n627-k43.vrp,64751.0
432,432,8,K7C18J2,4,250,15,20,20,3,4,100,0.3,1.2,432,K7C18J2,K7E7C18J2,/home/administrador/giron/labotim/HGS-CVRP/Instances/CVRP/X-n167-k10.vrp,21311.0
433,433,8,K7C18J2,4,250,15,20,20,3,4,100,0.3,1.2,433,K7C18J2,K7E7C18J2,/home/administrador/giron/labotim/HGS-CVRP/Instances/CVRP/Golden_10.vrp,667.0
434,434,8,K7C18J2,4,250,15,20,20,3,4,100,0.3,1.2,434,K7C18J2,K7E7C18J2,/home/administrador/giron/labotim/HGS-CVRP/Instances/CVRP/X-n308-k13.vrp,26677.0
435,435,8,K7C18J2,4,250,15,20,20,3,4,100,0.3,1.2,435,K7C18J2,K7E7C18J2,/home/administrador/giron/labotim/HGS-CVRP/Instances/CVRP/X-n856-k95.vrp,90807.0
436,436,8,K7C18J2,4,250,15,20,20,3,4,100,0.3,1.2,436,K7C18J2,K7E7C18J2,/home/administrador/giron/labotim/HGS-CVRP/Instances/CVRP/X-n186-k15.vrp,24739.0
437,437,8,K7C18J2,4,250,15,20,20,3,4,100,0.3,1.2,437,K7C18J2,K7E7C18J2,/home/administrador/giron/labotim/HGS-CVRP/Instances/CVRP/X-n384-k52.vrp,67872.0
438,438,8,K7C18J2,4,250,15,20,20,3,4,100,0.3,1.2,438,K7C18J2,K7E7C18J2,/home/administrador/giron/labotim/HGS-CVRP/Instances/CVRP/X-n214-k11.vrp,11314.0
439,439,8,K7C18J2,4,250,15,20,20,3,4,100,0.3,1.2,439,K7C18J2,K7E7C18J2,/home/administrador/giron/labotim/HGS-CVRP/Instances/CVRP/X-n376-k94.vrp,148664.0
440,440,8,K7C18J2,4,250,15,20,20,3,4,100,0.3,1.2,440,K7C18J2,K7E7C18J2,/home/administrador/giron/labotim/HGS-CVRP/Instances/CVRP/X-n219-k73.vrp,118016.0
441,441,8,K7C18J2,4,250,15,20,20,3,4,100,0.3,1.2,441,K7C18J2,K7E7C18J2,/home/administrador/giron/labotim/HGS-CVRP/Instances/CVRP/X-n298-k31.vrp,35499.0
442,442,8,K7C18J2,4,250,15,20,20,3,4,100,0.3,1.2,442,K7C18J2,K7E7C18J2,/home/administrador/giron/labotim/HGS-CVRP/Instances/CVRP/X-n979-k58.vrp,125423.0
443,443,8,K7C18J2,4,250,15,20,20,3,4,100,0.3,1.2,443,K7C18J2,K7E7C18J2,/home/administrador/giron/labotim/HGS-CVRP/Instances/CVRP/X-n148-k46.vrp,44258.0
444,444,8,K7C18J2,4,250,15,20,20,3,4,100,0.3,1.2,444,K7C18J2,K7E3C18J2,/home/administrador/giron/labotim/HGS-CVRP/Instances/CVRP/X-n143-k7.vrp,16252.0
445,445,8,K7C18J2,4,250,15,20,20,3,4,100,0.3,1.2,445,K7C18J2,K7E3C18J2,/home/administrador/giron/labotim/HGS-CVRP/Instances/CVRP/Golden_12.vrp,1016.0
446,446,8,K7C18J2,4,250,15,20,20,3,4,100,0.3,1.2,446,K7C18J2,K7E3C18J2,/home/administrador/giron/labotim/HGS-CVRP/Instances/CVRP/CMT14.vrp,871.0
447,447,8,K7C18J2,4,250,15,20,20,3,4,100,0.3,1.2,447,K7C18J2,K7E3C18J2,/home/administrador/giron/labotim/HGS-CVRP/Instances/CVRP/X-n331-k15.vrp,32331.0
448,448,8,K7C18J2,4,250,15,20,20,3,4,100,0.3,1.2,448,K7C18J2,K7E3C18J2,/home/administrador/giron/labotim/HGS-CVRP/Instances/CVRP/X-n491-k59.vrp,69301.0
449,449,8,K7C18J2,4,250,15,20,20,3,4,100,0.3,1.2,449,K7C18J2,K7E3C18J2,/home/administrador/giron/labotim/HGS-CVRP/Instances/CVRP/X-n228-k23.vrp,26370.0
450,450,8,K7C18J2,4,250,15,20,20,3,4,100,0.3,1.2,450,K7C18J2,K7E3C18J2,/home/administrador/giron/labotim/HGS-CVRP/Instances/CVRP/X-n561-k42.vrp,44479.0
451,451,8,K7C18J2,4,250,15,20,20,3,4,100,0.3,1.2,451,K7C18J2,K7E3C18J2,/home/administrador/giron/labotim/HGS-CVRP/Instances/CVRP/X-n411-k19.vrp,20602.0
452,452,8,K7C18J2,4,250,15,20,20,3,4,100,0.3,1.2,452,K7C18J2,K7E3C18J2,/home/administrador/giron/labotim/HGS-CVRP/Instances/CVRP/Golden_3.vrp,11467.0
453,453,8,K7C18J2,4,250,15,20,20,3,4,100,0.3,1.2,453,K7C18J2,K7E3C18J2,/home/administrador/giron/labotim/HGS-CVRP/Instances/CVRP/X-n223-k34.vrp,41647.0
454,454,8,K7C18J2,4,250,15,20,20,3,4,100,0.3,1.2,454,K7C18J2,K7E3C18J2,/home/administrador/giron/labotim/HGS-CVRP/Instances/CVRP/Golden_19.vrp,1398.0
455,455,8,K7C18J2,4,250,15,20,20,3,4,100,0.3,1.2,455,K7C18J2,K7E3C18J2,/home/administrador/giron/labotim/HGS-CVRP/Instances/CVRP/Golden_17.vrp,716.0
456,456,8,K7C18J2,4,250,15,20,20,3,4,100,0.3,1.2,456,K7C18J2,K7E3C18J2,/home/administrador/giron/labotim/HGS-CVRP/Instances/CVRP/CMT5.vrp,1334.0
457,457,8,K7C18J2,4,250,15,20,20,3,4,100,0.3,1.2,457,K7C18J2,K7E3C18J2,/home/administrador/giron/labotim/HGS-CVRP/Instances/CVRP/X-n181-k23.vrp,25865.0
458,458,8,K7C18J2,4,250,15,20,20,3,4,100,0.3,1.2,458,K7C18J2,K7E3C18J2,/home/administrador/giron/labotim/HGS-CVRP/Instances/CVRP/X-n429-k61.vrp,67377.0
459,459,8,K7C18J2,4,250,15,20,20,3,4,100,0.3,1.2,459,K7C18J2,K7E3C18J2,/home/administrador/giron/labotim/HGS-CVRP/Instances/CVRP/X-n322-k28.vrp,30696.0
460,460,8,K7C18J2,4,250,15,20,20,3,4,100,0.3,1.2,460,K7C18J2,K7E3C18J2,/home/administrador/giron/labotim/HGS-CVRP/Instances/CVRP/X-n449-k29.vrp,58114.0
461,461,8,K7C18J2,4,250,15,20,20,3,4,100,0.3,1.2,461,K7C18J2,K7E3C18J2,/home/administrador/giron/labotim/HGS-CVRP/Instances/CVRP/CMT13.vrp,1562.0
462,462,8,K7C18J2,4,250,15,20,20,3,4,100,0.3,1.2,462,K7C18J2,K7E2C18J2,/home/administrador/giron/labotim/HGS-CVRP/Instances/CVRP/X-n876-k59.vrp,102411.0
463,463,8,K7C18J2,4,250,15,20,20,3,4,100,0.3,1.2,463,K7C18J2,K7E2C18J2,/home/administrador/giron/labotim/HGS-CVRP/Instances/CVRP/X-n641-k35.vrp,66735.0
464,464,8,K7C18J2,4,250,15,20,20,3,4,100,0.3,1.2,464,K7C18J2,K7E2C18J2,/home/administrador/giron/labotim/HGS-CVRP/Instances/CVRP/CMT9.vrp,1172.0
465,465,8,K7C18J2,4,250,15,20,20,3,4,100,0.3,1.2,465,K7C18J2,K7E2C18J2,/home/administrador/giron/labotim/HGS-CVRP/Instances/CVRP/X-n548-k50.vrp,88394.0
466,466,8,K7C18J2,4,250,15,20,20,3,4,100,0.3,1.2,466,K7C18J2,K7E2C18J2,/home/administrador/giron/labotim/HGS-CVRP/Instances/CVRP/X-n233-k16.vrp,19800.0
467,467,8,K7C18J2,4,250,15,20,20,3,4,100,0.3,1.2,467,K7C18J2,K7E2C18J2,/home/administrador/giron/labotim/HGS-CVRP/Instances/CVRP/X-n190-k8.vrp,17376.0
468,468,8,K7C18J2,4,250,15,20,20,3,4,100,0.3,1.2,468,K7C18J2,K7E2C18J2,/home/administrador/giron/labotim/HGS-CVRP/Instances/CVRP/X-n153-k22.vrp,21759.0
469,469,8,K7C18J2,4,250,15,20,20,3,4,100,0.3,1.2,469,K7C18J2,K7E2C18J2,/home/administrador/giron/labotim/HGS-CVRP/Instances/CVRP/X-n200-k36.vrp,60130.0
470,470,8,K7C18J2,4,250,15,20,20,3,4,100,0.3,1.2,470,K7C18J2,K7E2C18J2,/home/administrador/giron/labotim/HGS-CVRP/Instances/CVRP/CMT6.vrp,549.0
471,471,8,K7C18J2,4,250,15,20,20,3,4,100,0.3,1.2,471,K7C18J2,K7E2C18J2,/home/administrador/giron/labotim/HGS-CVRP/Instances/CVRP/X-n733-k159.vrp,141250.0
472,472,8,K7C18J2,4,250,15,20,20,3,4,100,0.3,1.2,472,K7C18J2,K7E2C18J2,/home/administrador/giron/labotim/HGS-CVRP/Instances/CVRP/CMT10.vrp,1427.0
473,473,8,K7C18J2,4,250,15,20,20,3,4,100,0.3,1.2,473,K7C18J2,K7E2C18J2,/home/administrador/giron/labotim/HGS-CVRP/Instances/CVRP/X-n783-k48.vrp,76337.0
474,474,8,K7C18J2,4,250,15,20,20,3,4,100,0.3,1.2,474,K7C18J2,K7E2C18J2,/home/administrador/giron/labotim/HGS-CVRP/Instances/CVRP/X-n716-k35.vrp,45906.0
475,475,8,K7C18J2,4,250,15,20,20,3,4,100,0.3,1.2,475,K7C18J2,K7E2C18J2,/home/administrador/giron/labotim/HGS-CVRP/Instances/CVRP/X-n916-k207.vrp,336173.0
476,476,8,K7C18J2,4,250,15,20,20,3,4,100,0.3,1.2,476,K7C18J2,K7E2C18J2,/home/administrador/giron/labotim/HGS-CVRP/Instances/CVRP/Golden_18.vrp,1045.0
477,477,8,K7C18J2,4,250,15,20,20,3,4,100,0.3,1.2,477,K7C18J2,K7E2C18J2,/home/administrador/giron/labotim/HGS-CVRP/Instances/CVRP/CMT12.vrp,822.0
478,478,8,K7C18J2,4,250,15,20,20,3,4,100,0.3,1.2,478,K7C18J2,K7E2C18J2,/home/administrador/giron/labotim/HGS-CVRP/Instances/CVRP/X-n162-k11.vrp,14254.0
479,479,8,K7C18J2,4,250,15,20,20,3,4,100,0.3,1.2,479,K7C18J2,K7E2C18J2,/home/administrador/giron/labotim/HGS-CVRP/Instances/CVRP/X-n120-k6.vrp,13630.0
480,480,5,K5C18J2,4,500,15,20,20,3,4,100,0.3,1.2,480,K5C18J2,K5E2C18J2,/home/administrador/giron/labotim/HGS-CVRP/Instances/CVRP/X-n204-k19.vrp,20091.0
481,481,5,K5C18J2,4,500,15,20,20,3,4,100,0.3,1.2,481,K5C18J2,K5E2C18J2,/home/administrador/giron/labotim/HGS-CVRP/Instances/CVRP/X-n120-k6.vrp,13670.0
482,482,5,K5C18J2,4,500,15,20,20,3,4,100,0.3,1.2,482,K5C18J2,K5E2C18J2,/home/administrador/giron/labotim/HGS-CVRP/Instances/CVRP/X-n322-k28.vrp,30997.0
483,483,5,K5C18J2,4,500,15,20,20,3,4,100,0.3,1.2,483,K5C18J2,K5E2C18J2,/home/administrador/giron/labotim/HGS-CVRP/Instances/CVRP/X-n110-k13.vrp,15166.0
484,484,5,K5C18J2,4,500,15,20,20,3,4,100,0.3,1.2,484,K5C18J2,K5E2C18J2,/home/administrador/giron/labotim/HGS-CVRP/Instances/CVRP/X-n101-k25.vrp,28271.0
485,485,5,K5C18J2,4,500,15,20,20,3,4,100,0.3,1.2,485,K5C18J2,K5E2C18J2,/home/administrador/giron/labotim/HGS-CVRP/Instances/CVRP/Golden_18.vrp,1044.0
486,486,5,K5C18J2,4,500,15,20,20,3,4,100,0.3,1.2,486,K5C18J2,K5E2C18J2,/home/administrador/giron/labotim/HGS-CVRP/Instances/CVRP/X-n536-k96.vrp,97165.0
487,487,5,K5C18J2,4,500,15,20,20,3,4,100,0.3,1.2,487,K5C18J2,K5E2C18J2,/home/administrador/giron/labotim/HGS-CVRP/Instances/CVRP/X-n251-k28.vrp,39623.0
488,488,5,K5C18J2,4,500,15,20,20,3,4,100,0.3,1.2,488,K5C18J2,K5E2C18J2,/home/administrador/giron/labotim/HGS-CVRP/Instances/CVRP/CMT6.vrp,548.0
489,489,5,K5C18J2,4,500,15,20,20,3,4,100,0.3,1.2,489,K5C18J2,K5E2C18J2,/home/administrador/giron/labotim/HGS-CVRP/Instances/CVRP/Golden_2.vrp,8526.0
490,490,5,K5C18J2,4,500,15,20,20,3,4,100,0.3,1.2,490,K5C18J2,K5E2C18J2,/home/administrador/giron/labotim/HGS-CVRP/Instances/CVRP/X-n242-k48.vrp,84855.0
491,491,5,K5C18J2,4,500,15,20,20,3,4,100,0.3,1.2,491,K5C18J2,K5E2C18J2,/home/administrador/giron/labotim/HGS-CVRP/Instances/CVRP/X-n303-k21.vrp,22324.0
492,492,5,K5C18J2,4,500,15,20,20,3,4,100,0.3,1.2,492,K5C18J2,K5E2C18J2,/home/administrador/giron/labotim/HGS-CVRP/Instances/CVRP/X-n491-k59.vrp,69574.0
493,493,5,K5C18J2,4,500,15,20,20,3,4,100,0.3,1.2,493,K5C18J2,K5E2C18J2,/home/administrador/giron/labotim/HGS-CVRP/Instances/CVRP/X-n261-k13.vrp,27744.0
494,494,5,K5C18J2,4,500,15,20,20,3,4,100,0.3,1.2,494,K5C18J2,K5E2C18J2,/home/administrador/giron/labotim/HGS-CVRP/Instances/CVRP/X-n876-k59.vrp,102729.0
495,495,5,K5C18J2,4,500,15,20,20,3,4,100,0.3,1.2,495,K5C18J2,K5E2C18J2,/home/administrador/giron/labotim/HGS-CVRP/Instances/CVRP/X-n115-k10.vrp,12747.0
496,496,5,K5C18J2,4,500,15,20,20,3,4,100,0.3,1.2,496,K5C18J2,K5E2C18J2,/home/administrador/giron/labotim/HGS-CVRP/Instances/CVRP/CMT8.vrp,856.0
497,497,5,K5C18J2,4,500,15,20,20,3,4,100,0.3,1.2,497,K5C18J2,K5E2C18J2,/home/administrador/giron/labotim/HGS-CVRP/Instances/CVRP/X-n214-k11.vrp,11338.0
498,498,5,K5C18J2,4,500,15,20,20,3,4,100,0.3,1.2,498,K5C18J2,K5E3C18J2,/home/administrador/giron/labotim/HGS-CVRP/Instances/CVRP/X-n801-k40.vrp,76326.0
499,499,5,K5C18J2,4,500,15,20,20,3,4,100,0.3,1.2,499,K5C18J2,K5E3C18J2,/home/administrador/giron/labotim/HGS-CVRP/Instances/CVRP/X-n327-k20.vrp,28874.0
500,500,5,K5C18J2,4,500,15,20,20,3,4,100,0.3,1.2,500,K5C18J2,K5E3C18J2,/home/administrador/giron/labotim/HGS-CVRP/Instances/CVRP/X-n129-k18.vrp,30004.0
501,501,5,K5C18J2,4,500,15,20,20,3,4,100,0.3,1.2,501,K5C18J2,K5E3C18J2,/home/administrador/giron/labotim/HGS-CVRP/Instances/CVRP/X-n561-k42.vrp,44780.0
502,502,5,K5C18J2,4,500,15,20,20,3,4,100,0.3,1.2,502,K5C18J2,K5E3C18J2,/home/administrador/giron/labotim/HGS-CVRP/Instances/CVRP/X-n716-k35.vrp,45517.0
503,503,5,K5C18J2,4,500,15,20,20,3,4,100,0.3,1.2,503,K5C18J2,K5E3C18J2,/home/administrador/giron/labotim/HGS-CVRP/Instances/CVRP/X-n733-k159.vrp,141251.0
504,504,5,K5C18J2,4,500,15,20,20,3,4,100,0.3,1.2,504,K5C18J2,K5E3C18J2,/home/administrador/giron/labotim/HGS-CVRP/Instances/CVRP/X-n783-k48.vrp,76988.0
505,505,5,K5C18J2,4,500,15,20,20,3,4,100,0.3,1.2,505,K5C18J2,K5E3C18J2,/home/administrador/giron/labotim/HGS-CVRP/Instances/CVRP/Golden_10.vrp,664.0
506,506,5,K5C18J2,4,500,15,20,20,3,4,100,0.3,1.2,506,K5C18J2,K5E3C18J2,/home/administrador/giron/labotim/HGS-CVRP/Instances/CVRP/X-n219-k73.vrp,117866.0
507,507,5,K5C18J2,4,500,15,20,20,3,4,100,0.3,1.2,507,K5C18J2,K5E3C18J2,/home/administrador/giron/labotim/HGS-CVRP/Instances/CVRP/CMT2.vrp,843.0
508,508,5,K5C18J2,4,500,15,20,20,3,4,100,0.3,1.2,508,K5C18J2,K5E3C18J2,/home/administrador/giron/labotim/HGS-CVRP/Instances/CVRP/CMT9.vrp,1179.0
509,509,5,K5C18J2,4,500,15,20,20,3,4,100,0.3,1.2,509,K5C18J2,K5E3C18J2,/home/administrador/giron/labotim/HGS-CVRP/Instances/CVRP/X-n344-k43.vrp,43740.0
510,510,5,K5C18J2,4,500,15,20,20,3,4,100,0.3,1.2,510,K5C18J2,K5E3C18J2,/home/administrador/giron/labotim/HGS-CVRP/Instances/CVRP/X-n162-k11.vrp,14251.0
511,511,5,K5C18J2,4,500,15,20,20,3,4,100,0.3,1.2,511,K5C18J2,K5E3C18J2,/home/administrador/giron/labotim/HGS-CVRP/Instances/CVRP/CMT1.vrp,521.0
512,512,5,K5C18J2,4,500,15,20,20,3,4,100,0.3,1.2,512,K5C18J2,K5E3C18J2,/home/administrador/giron/labotim/HGS-CVRP/Instances/CVRP/X-n181-k23.vrp,25854.0
513,513,5,K5C18J2,4,500,15,20,20,3,4,100,0.3,1.2,513,K5C18J2,K5E3C18J2,/home/administrador/giron/labotim/HGS-CVRP/Instances/CVRP/CMT7.vrp,912.0
514,514,5,K5C18J2,4,500,15,20,20,3,4,100,0.3,1.2,514,K5C18J2,K5E3C18J2,/home/administrador/giron/labotim/HGS-CVRP/Instances/CVRP/CMT3.vrp,827.0
515,515,5,K5C18J2,4,500,15,20,20,3,4,100,0.3,1.2,515,K5C18J2,K5E3C18J2,/home/administrador/giron/labotim/HGS-CVRP/Instances/CVRP/X-n317-k53.vrp,78954.0
516,516,5,K5C18J2,4,500,15,20,20,3,4,100,0.3,1.2,516,K5C18J2,K5E5C18J2,/home/administrador/giron/labotim/HGS-CVRP/Instances/CVRP/X-n420-k130.vrp,110663.0
517,517,5,K5C18J2,4,500,15,20,20,3,4,100,0.3,1.2,517,K5C18J2,K5E5C18J2,/home/administrador/giron/labotim/HGS-CVRP/Instances/CVRP/X-n143-k7.vrp,16018.0
518,518,5,K5C18J2,4,500,15,20,20,3,4,100,0.3,1.2,518,K5C18J2,K5E5C18J2,/home/administrador/giron/labotim/HGS-CVRP/Instances/CVRP/X-n336-k84.vrp,
519,519,5,K5C18J2,4,500,15,20,20,3,4,100,0.3,1.2,519,K5C18J2,K5E5C18J2,/home/administrador/giron/labotim/HGS-CVRP/Instances/CVRP/X-n367-k17.vrp,23504.0
520,520,5,K5C18J2,4,500,15,20,20,3,4,100,0.3,1.2,520,K5C18J2,K5E5C18J2,/home/administrador/giron/labotim/HGS-CVRP/Instances/CVRP/X-n641-k35.vrp,66779.0
521,521,5,K5C18J2,4,500,15,20,20,3,4,100,0.3,1.2,521,K5C18J2,K5E5C18J2,/home/administrador/giron/labotim/HGS-CVRP/Instances/CVRP/X-n469-k138.vrp,225742.0
522,522,5,K5C18J2,4,500,15,20,20,3,4,100,0.3,1.2,522,K5C18J2,K5E5C18J2,/home/administrador/giron/labotim/HGS-CVRP/Instances/CVRP/Golden_3.vrp,11237.0
523,523,5,K5C18J2,4,500,15,20,20,3,4,100,0.3,1.2,523,K5C18J2,K5E5C18J2,/home/administrador/giron/labotim/HGS-CVRP/Instances/CVRP/Golden_5.vrp,6660.0
524,524,5,K5C18J2,4,500,15,20,20,3,4,100,0.3,1.2,524,K5C18J2,K5E5C18J2,/home/administrador/giron/labotim/HGS-CVRP/Instances/CVRP/X-n200-k36.vrp,60072.0
525,525,5,K5C18J2,4,500,15,20,20,3,4,100,0.3,1.2,525,K5C18J2,K5E5C18J2,/home/administrador/giron/labotim/HGS-CVRP/Instances/CVRP/X-n701-k44.vrp,85571.0
526,526,5,K5C18J2,4,500,15,20,20,3,4,100,0.3,1.2,526,K5C18J2,K5E5C18J2,/home/administrador/giron/labotim/HGS-CVRP/Instances/CVRP/X-n916-k207.vrp,336103.0
527,527,5,K5C18J2,4,500,15,20,20,3,4,100,0.3,1.2,527,K5C18J2,K5E5C18J2,/home/administrador/giron/labotim/HGS-CVRP/Instances/CVRP/X-n106-k14.vrp,26635.0
528,528,5,K5C18J2,4,500,15,20,20,3,4,100,0.3,1.2,528,K5C18J2,K5E5C18J2,/home/administrador/giron/labotim/HGS-CVRP/Instances/CVRP/X-n749-k98.vrp,80821.0
529,529,5,K5C18J2,4,500,15,20,20,3,4,100,0.3,1.2,529,K5C18J2,K5E5C18J2,/home/administrador/giron/labotim/HGS-CVRP/Instances/CVRP/CMT4.vrp,1030.0
530,530,5,K5C18J2,4,500,15,20,20,3,4,100,0.3,1.2,530,K5C18J2,K5E5C18J2,/home/administrador/giron/labotim/HGS-CVRP/Instances/CVRP/X-n289-k60.vrp,97570.0
531,531,5,K5C18J2,4,500,15,20,20,3,4,100,0.3,1.2,531,K5C18J2,K5E5C18J2,/home/administrador/giron/labotim/HGS-CVRP/Instances/CVRP/X-n247-k50.vrp,
532,532,5,K5C18J2,4,500,15,20,20,3,4,100,0.3,1.2,532,K5C18J2,K5E5C18J2,/home/administrador/giron/labotim/HGS-CVRP/Instances/CVRP/X-n411-k19.vrp,20639.0
533,533,5,K5C18J2,4,500,15,20,20,3,4,100,0.3,1.2,533,K5C18J2,K5E5C18J2,/home/administrador/giron/labotim/HGS-CVRP/Instances/CVRP/X-n685-k75.vrp,71093.0
534,534,5,K5C18J2,4,500,15,20,20,3,4,100,0.3,1.2,534,K5C18J2,K5E1C18J2,/home/administrador/giron/labotim/HGS-CVRP/Instances/CVRP/Golden_20.vrp,1900.0
535,535,5,K5C18J2,4,500,15,20,20,3,4,100,0.3,1.2,535,K5C18J2,K5E1C18J2,/home/administrador/giron/labotim/HGS-CVRP/Instances/CVRP/X-n167-k10.vrp,21097.0
536,536,5,K5C18J2,4,500,15,20,20,3,4,100,0.3,1.2,536,K5C18J2,K5E1C18J2,/home/administrador/giron/labotim/HGS-CVRP/Instances/CVRP/X-n298-k31.vrp,35822.0
537,537,5,K5C18J2,4,500,15,20,20,3,4,100,0.3,1.2,537,K5C18J2,K5E1C18J2,/home/administrador/giron/labotim/HGS-CVRP/Instances/CVRP/CMT12.vrp,824.0
538,538,5,K5C18J2,4,500,15,20,20,3,4,100,0.3,1.2,538,K5C18J2,K5E1C18J2,/home/administrador/giron/labotim/HGS-CVRP/Instances/CVRP/X-n176-k26.vrp,49042.0
539,539,5,K5C18J2,4,500,15,20,20,3,4,100,0.3,1.2,539,K5C18J2,K5E1C18J2,/home/administrador/giron/labotim/HGS-CVRP/Instances/CVRP/X-n172-k51.vrp,46417.0
540,540,5,K5C18J2,4,500,15,20,20,3,4,100,0.3,1.2,540,K5C18J2,K5E1C18J2,/home/administrador/giron/labotim/HGS-CVRP/Instances/CVRP/X-n449-k29.vrp,57957.0
541,541,5,K5C18J2,4,500,15,20,20,3,4,100,0.3,1.2,541,K5C18J2,K5E1C18J2,/home/administrador/giron/labotim/HGS-CVRP/Instances/CVRP/X-n513-k21.vrp,25226.0
542,542,5,K5C18J2,4,500,15,20,20,3,4,100,0.3,1.2,542,K5C18J2,K5E1C18J2,/home/administrador/giron/labotim/HGS-CVRP/Instances/CVRP/X-n766-k71.vrp,119336.0
543,543,5,K5C18J2,4,500,15,20,20,3,4,100,0.3,1.2,543,K5C18J2,K5E1C18J2,/home/administrador/giron/labotim/HGS-CVRP/Instances/CVRP/X-n294-k50.vrp,48823.0
544,544,5,K5C18J2,4,500,15,20,20,3,4,100,0.3,1.2,544,K5C18J2,K5E1C18J2,/home/administrador/giron/labotim/HGS-CVRP/Instances/CVRP/Golden_7.vrp,10452.0
545,545,5,K5C18J2,4,500,15,20,20,3,4,100,0.3,1.2,545,K5C18J2,K5E1C18J2,/home/administrador/giron/labotim/HGS-CVRP/Instances/CVRP/X-n655-k131.vrp,107553.0
546,546,5,K5C18J2,4,500,15,20,20,3,4,100,0.3,1.2,546,K5C18J2,K5E1C18J2,/home/administrador/giron/labotim/HGS-CVRP/Instances/CVRP/Golden_13.vrp,886.0
547,547,5,K5C18J2,4,500,15,20,20,3,4,100,0.3,1.2,547,K5C18J2,K5E1C18J2,/home/administrador/giron/labotim/HGS-CVRP/Instances/CVRP/CMT14.vrp,865.0
548,548,5,K5C18J2,4,500,15,20,20,3,4,100,0.3,1.2,548,K5C18J2,K5E1C18J2,/home/administrador/giron/labotim/HGS-CVRP/Instances/CVRP/Golden_8.vrp,12049.0
549,549,5,K5C18J2,4,500,15,20,20,3,4,100,0.3,1.2,549,K5C18J2,K5E1C18J2,/home/administrador/giron/labotim/HGS-CVRP/Instances/CVRP/X-n280-k17.vrp,34394.0
550,550,5,K5C18J2,4,500,15,20,20,3,4,100,0.3,1.2,550,K5C18J2,K5E1C18J2,/home/administrador/giron/labotim/HGS-CVRP/Instances/CVRP/Golden_6.vrp,8608.0
551,551,5,K5C18J2,4,500,15,20,20,3,4,100,0.3,1.2,551,K5C18J2,K5E1C18J2,/home/administrador/giron/labotim/HGS-CVRP/Instances/CVRP/X-n256-k16.vrp,19245.0
552,552,5,K5C18J2,4,500,15,20,20,3,4,100,0.3,1.2,552,K5C18J2,K5E4C18J2,/home/administrador/giron/labotim/HGS-CVRP/Instances/CVRP/X-n429-k61.vrp,67588.0
553,553,5,K5C18J2,4,500,15,20,20,3,4,100,0.3,1.2,553,K5C18J2,K5E4C18J2,/home/administrador/giron/labotim/HGS-CVRP/Instances/CVRP/CMT5.vrp,1333.0
554,554,5,K5C18J2,4,500,15,20,20,3,4,100,0.3,1.2,554,K5C18J2,K5E4C18J2,/home/administrador/giron/labotim/HGS-CVRP/Instances/CVRP/Golden_1.vrp,5814.0
555,555,5,K5C18J2,4,500,15,20,20,3,4,100,0.3,1.2,555,K5C18J2,K5E4C18J2,/home/administrador/giron/labotim/HGS-CVRP/Instances/CVRP/X-n157-k13.vrp,16951.0
556,556,5,K5C18J2,4,500,15,20,20,3,4,100,0.3,1.2,556,K5C18J2,K5E4C18J2,/home/administrador/giron/labotim/HGS-CVRP/Instances/CVRP/X-n819-k171.vrp,162413.0
557,557,5,K5C18J2,4,500,15,20,20,3,4,100,0.3,1.2,557,K5C18J2,K5E4C18J2,/home/administrador/giron/labotim/HGS-CVRP/Instances/CVRP/Golden_11.vrp,815.0
558,558,5,K5C18J2,4,500,15,20,20,3,4,100,0.3,1.2,558,K5C18J2,K5E4C18J2,/home/administrador/giron/labotim/HGS-CVRP/Instances/CVRP/X-n270-k35.vrp,36249.0
559,559,5,K5C18J2,4,500,15,20,20,3,4,100,0.3,1.2,559,K5C18J2,K5E4C18J2,/home/administrador/giron/labotim/HGS-CVRP/Instances/CVRP/X-n586-k159.vrp,194302.0
560,560,5,K5C18J2,4,500,15,20,20,3,4,100,0.3,1.2,560,K5C18J2,K5E4C18J2,/home/administrador/giron/labotim/HGS-CVRP/Instances/CVRP/X-n125-k30.vrp,56731.0
561,561,5,K5C18J2,4,500,15,20,20,3,4,100,0.3,1.2,561,K5C18J2,K5E4C18J2,/home/administrador/giron/labotim/HGS-CVRP/Instances/CVRP/X-n599-k92.vrp,111976.0
562,562,5,K5C18J2,4,500,15,20,20,3,4,100,0.3,1.2,562,K5C18J2,K5E4C18J2,/home/administrador/giron/labotim/HGS-CVRP/Instances/CVRP/X-n359-k29.vrp,53568.0
563,563,5,K5C18J2,4,500,15,20,20,3,4,100,0.3,1.2,563,K5C18J2,K5E4C18J2,/home/administrador/giron/labotim/HGS-CVRP/Instances/CVRP/X-n384-k52.vrp,68012.0
564,564,5,K5C18J2,4,500,15,20,20,3,4,100,0.3,1.2,564,K5C18J2,K5E4C18J2,/home/administrador/giron/labotim/HGS-CVRP/Instances/CVRP/X-n573-k30.vrp,52077.0
565,565,5,K5C18J2,4,500,15,20,20,3,4,100,0.3,1.2,565,K5C18J2,K5E4C18J2,/home/administrador/giron/labotim/HGS-CVRP/Instances/CVRP/X-n979-k58.vrp,125250.0
566,566,5,K5C18J2,4,500,15,20,20,3,4,100,0.3,1.2,566,K5C18J2,K5E4C18J2,/home/administrador/giron/labotim/HGS-CVRP/Instances/CVRP/X-n480-k70.vrp,91596.0
567,567,5,K5C18J2,4,500,15,20,20,3,4,100,0.3,1.2,567,K5C18J2,K5E4C18J2,/home/administrador/giron/labotim/HGS-CVRP/Instances/CVRP/X-n139-k10.vrp,13797.0
568,568,5,K5C18J2,4,500,15,20,20,3,4,100,0.3,1.2,568,K5C18J2,K5E4C18J2,/home/administrador/giron/labotim/HGS-CVRP/Instances/CVRP/Golden_4.vrp,14109.0
569,569,5,K5C18J2,4,500,15,20,20,3,4,100,0.3,1.2,569,K5C18J2,K5E4C18J2,/home/administrador/giron/labotim/HGS-CVRP/Instances/CVRP/Golden_19.vrp,1399.0
570,570,4,K5C15J2,6,500,15,20,20,7,6,150,0.2,1.3,570,K5C15J2,K5E5C15J2,/home/administrador/giron/labotim/HGS-CVRP/Instances/CVRP/X-n195-k51.vrp,45104.0
571,571,4,K5C15J2,6,500,15,20,20,7,6,150,0.2,1.3,571,K5C15J2,K5E5C15J2,/home/administrador/giron/labotim/HGS-CVRP/Instances/CVRP/CMT4.vrp,1030.0
572,572,4,K5C15J2,6,500,15,20,20,7,6,150,0.2,1.3,572,K5C15J2,K5E5C15J2,/home/administrador/giron/labotim/HGS-CVRP/Instances/CVRP/Golden_1.vrp,5814.0
573,573,4,K5C15J2,6,500,15,20,20,7,6,150,0.2,1.3,573,K5C15J2,K5E5C15J2,/home/administrador/giron/labotim/HGS-CVRP/Instances/CVRP/Golden_12.vrp,1008.0
574,574,4,K5C15J2,6,500,15,20,20,7,6,150,0.2,1.3,574,K5C15J2,K5E5C15J2,/home/administrador/giron/labotim/HGS-CVRP/Instances/CVRP/X-n480-k70.vrp,91934.0
575,575,4,K5C15J2,6,500,15,20,20,7,6,150,0.2,1.3,575,K5C15J2,K5E5C15J2,/home/administrador/giron/labotim/HGS-CVRP/Instances/CVRP/Golden_16.vrp,1698.0
576,576,4,K5C15J2,6,500,15,20,20,7,6,150,0.2,1.3,576,K5C15J2,K5E5C15J2,/home/administrador/giron/labotim/HGS-CVRP/Instances/CVRP/X-n449-k29.vrp,58297.0
577,577,4,K5C15J2,6,500,15,20,20,7,6,150,0.2,1.3,577,K5C15J2,K5E5C15J2,/home/administrador/giron/labotim/HGS-CVRP/Instances/CVRP/CMT11.vrp,1040.0
578,578,4,K5C15J2,6,500,15,20,20,7,6,150,0.2,1.3,578,K5C15J2,K5E5C15J2,/home/administrador/giron/labotim/HGS-CVRP/Instances/CVRP/X-n298-k31.vrp,35558.0
579,579,4,K5C15J2,6,500,15,20,20,7,6,150,0.2,1.3,579,K5C15J2,K5E5C15J2,/home/administrador/giron/labotim/HGS-CVRP/Instances/CVRP/X-n1001-k43.vrp,77081.0
580,580,4,K5C15J2,6,500,15,20,20,7,6,150,0.2,1.3,580,K5C15J2,K5E5C15J2,/home/administrador/giron/labotim/HGS-CVRP/Instances/CVRP/X-n491-k59.vrp,69574.0
581,581,4,K5C15J2,6,500,15,20,20,7,6,150,0.2,1.3,581,K5C15J2,K5E5C15J2,/home/administrador/giron/labotim/HGS-CVRP/Instances/CVRP/Golden_2.vrp,8509.0
582,582,4,K5C15J2,6,500,15,20,20,7,6,150,0.2,1.3,582,K5C15J2,K5E5C15J2,/home/administrador/giron/labotim/HGS-CVRP/Instances/CVRP/Golden_8.vrp,11953.0
583,583,4,K5C15J2,6,500,15,20,20,7,6,150,0.2,1.3,583,K5C15J2,K5E5C15J2,/home/administrador/giron/labotim/HGS-CVRP/Instances/CVRP/Golden_3.vrp,11283.0
584,584,4,K5C15J2,6,500,15,20,20,7,6,150,0.2,1.3,584,K5C15J2,K5E5C15J2,/home/administrador/giron/labotim/HGS-CVRP/Instances/CVRP/CMT12.vrp,824.0
585,585,4,K5C15J2,6,500,15,20,20,7,6,150,0.2,1.3,585,K5C15J2,K5E3C15J2,/home/administrador/giron/labotim/HGS-CVRP/Instances/CVRP/X-n186-k15.vrp,24941.0
586,586,4,K5C15J2,6,500,15,20,20,7,6,150,0.2,1.3,586,K5C15J2,K5E3C15J2,/home/administrador/giron/labotim/HGS-CVRP/Instances/CVRP/X-n172-k51.vrp,46417.0
587,587,4,K5C15J2,6,500,15,20,20,7,6,150,0.2,1.3,587,K5C15J2,K5E3C15J2,/home/administrador/giron/labotim/HGS-CVRP/Instances/CVRP/X-n219-k73.vrp,117866.0
588,588,4,K5C15J2,6,500,15,20,20,7,6,150,0.2,1.3,588,K5C15J2,K5E3C15J2,/home/administrador/giron/labotim/HGS-CVRP/Instances/CVRP/Golden_7.vrp,10406.0
589,589,4,K5C15J2,6,500,15,20,20,7,6,150,0.2,1.3,589,K5C15J2,K5E3C15J2,/home/administrador/giron/labotim/HGS-CVRP/Instances/CVRP/X-n322-k28.vrp,30997.0
590,590,4,K5C15J2,6,500,15,20,20,7,6,150,0.2,1.3,590,K5C15J2,K5E3C15J2,/home/administrador/giron/labotim/HGS-CVRP/Instances/CVRP/X-n181-k23.vrp,25820.0
591,591,4,K5C15J2,6,500,15,20,20,7,6,150,0.2,1.3,591,K5C15J2,K5E3C15J2,/home/administrador/giron/labotim/HGS-CVRP/Instances/CVRP/X-n561-k42.vrp,44634.0
592,592,4,K5C15J2,6,500,15,20,20,7,6,150,0.2,1.3,592,K5C15J2,K5E3C15J2,/home/administrador/giron/labotim/HGS-CVRP/Instances/CVRP/X-n200-k36.vrp,60167.0
593,593,4,K5C15J2,6,500,15,20,20,7,6,150,0.2,1.3,593,K5C15J2,K5E3C15J2,/home/administrador/giron/labotim/HGS-CVRP/Instances/CVRP/X-n411-k19.vrp,20860.0
594,594,4,K5C15J2,6,500,15,20,20,7,6,150,0.2,1.3,594,K5C15J2,K5E3C15J2,/home/administrador/giron/labotim/HGS-CVRP/Instances/CVRP/X-n134-k13.vrp,11142.0
595,595,4,K5C15J2,6,500,15,20,20,7,6,150,0.2,1.3,595,K5C15J2,K5E3C15J2,/home/administrador/giron/labotim/HGS-CVRP/Instances/CVRP/X-n701-k44.vrp,85259.0
596,596,4,K5C15J2,6,500,15,20,20,7,6,150,0.2,1.3,596,K5C15J2,K5E3C15J2,/home/administrador/giron/labotim/HGS-CVRP/Instances/CVRP/X-n190-k8.vrp,17412.0
597,597,4,K5C15J2,6,500,15,20,20,7,6,150,0.2,1.3,597,K5C15J2,K5E3C15J2,/home/administrador/giron/labotim/HGS-CVRP/Instances/CVRP/X-n162-k11.vrp,14251.0
598,598,4,K5C15J2,6,500,15,20,20,7,6,150,0.2,1.3,598,K5C15J2,K5E3C15J2,/home/administrador/giron/labotim/HGS-CVRP/Instances/CVRP/X-n242-k48.vrp,84855.0
599,599,4,K5C15J2,6,500,15,20,20,7,6,150,0.2,1.3,599,K5C15J2,K5E3C15J2,/home/administrador/giron/labotim/HGS-CVRP/Instances/CVRP/Golden_19.vrp,1408.0
600,600,4,K5C15J2,6,500,15,20,20,7,6,150,0.2,1.3,600,K5C15J2,K5E4C15J2,/home/administrador/giron/labotim/HGS-CVRP/Instances/CVRP/X-n613-k62.vrp,62706.0
601,601,4,K5C15J2,6,500,15,20,20,7,6,150,0.2,1.3,601,K5C15J2,K5E4C15J2,/home/administrador/giron/labotim/HGS-CVRP/Instances/CVRP/X-n469-k138.vrp,225742.0
602,602,4,K5C15J2,6,500,15,20,20,7,6,150,0.2,1.3,602,K5C15J2,K5E4C15J2,/home/administrador/giron/labotim/HGS-CVRP/Instances/CVRP/X-n294-k50.vrp,48823.0
603,603,4,K5C15J2,6,500,15,20,20,7,6,150,0.2,1.3,603,K5C15J2,K5E4C15J2,/home/administrador/giron/labotim/HGS-CVRP/Instances/CVRP/X-n256-k16.vrp,19245.0
604,604,4,K5C15J2,6,500,15,20,20,7,6,150,0.2,1.3,604,K5C15J2,K5E4C15J2,/home/administrador/giron/labotim/HGS-CVRP/Instances/CVRP/X-n766-k71.vrp,119336.0
605,605,4,K5C15J2,6,500,15,20,20,7,6,150,0.2,1.3,605,K5C15J2,K5E4C15J2,/home/administrador/giron/labotim/HGS-CVRP/Instances/CVRP/X-n749-k98.vrp,80821.0
606,606,4,K5C15J2,6,500,15,20,20,7,6,150,0.2,1.3,606,K5C15J2,K5E4C15J2,/home/administrador/giron/labotim/HGS-CVRP/Instances/CVRP/X-n641-k35.vrp,66779.0
607,607,4,K5C15J2,6,500,15,20,20,7,6,150,0.2,1.3,607,K5C15J2,K5E4C15J2,/home/administrador/giron/labotim/HGS-CVRP/Instances/CVRP/X-n125-k30.vrp,56731.0
608,608,4,K5C15J2,6,500,15,20,20,7,6,150,0.2,1.3,608,K5C15J2,K5E4C15J2,/home/administrador/giron/labotim/HGS-CVRP/Instances/CVRP/X-n139-k10.vrp,13850.0
609,609,4,K5C15J2,6,500,15,20,20,7,6,150,0.2,1.3,609,K5C15J2,K5E4C15J2,/home/administrador/giron/labotim/HGS-CVRP/Instances/CVRP/X-n176-k26.vrp,49042.0
610,610,4,K5C15J2,6,500,15,20,20,7,6,150,0.2,1.3,610,K5C15J2,K5E4C15J2,/home/administrador/giron/labotim/HGS-CVRP/Instances/CVRP/X-n716-k35.vrp,45692.0
611,611,4,K5C15J2,6,500,15,20,20,7,6,150,0.2,1.3,611,K5C15J2,K5E4C15J2,/home/administrador/giron/labotim/HGS-CVRP/Instances/CVRP/X-n157-k13.vrp,16951.0
612,612,4,K5C15J2,6,500,15,20,20,7,6,150,0.2,1.3,612,K5C15J2,K5E4C15J2,/home/administrador/giron/labotim/HGS-CVRP/Instances/CVRP/Golden_15.vrp,1402.0
613,613,4,K5C15J2,6,500,15,20,20,7,6,150,0.2,1.3,613,K5C15J2,K5E4C15J2,/home/administrador/giron/labotim/HGS-CVRP/Instances/CVRP/X-n876-k59.vrp,102729.0
614,614,4,K5C15J2,6,500,15,20,20,7,6,150,0.2,1.3,614,K5C15J2,K5E4C15J2,/home/administrador/giron/labotim/HGS-CVRP/Instances/CVRP/X-n670-k130.vrp,
615,615,4,K5C15J2,6,500,15,20,20,7,6,150,0.2,1.3,615,K5C15J2,K5E2C15J2,/home/administrador/giron/labotim/HGS-CVRP/Instances/CVRP/X-n336-k84.vrp,
616,616,4,K5C15J2,6,500,15,20,20,7,6,150,0.2,1.3,616,K5C15J2,K5E2C15J2,/home/administrador/giron/labotim/HGS-CVRP/Instances/CVRP/X-n459-k26.vrp,25091.0
617,617,4,K5C15J2,6,500,15,20,20,7,6,150,0.2,1.3,617,K5C15J2,K5E2C15J2,/home/administrador/giron/labotim/HGS-CVRP/Instances/CVRP/X-n327-k20.vrp,28834.0
618,618,4,K5C15J2,6,500,15,20,20,7,6,150,0.2,1.3,618,K5C15J2,K5E2C15J2,/home/administrador/giron/labotim/HGS-CVRP/Instances/CVRP/X-n573-k30.vrp,52077.0
619,619,4,K5C15J2,6,500,15,20,20,7,6,150,0.2,1.3,619,K5C15J2,K5E2C15J2,/home/administrador/giron/labotim/HGS-CVRP/Instances/CVRP/X-n280-k17.vrp,34394.0
620,620,4,K5C15J2,6,500,15,20,20,7,6,150,0.2,1.3,620,K5C15J2,K5E2C15J2,/home/administrador/giron/labotim/HGS-CVRP/Instances/CVRP/X-n106-k14.vrp,26635.0
621,621,4,K5C15J2,6,500,15,20,20,7,6,150,0.2,1.3,621,K5C15J2,K5E2C15J2,/home/administrador/giron/labotim/HGS-CVRP/Instances/CVRP/X-n237-k14.vrp,27934.0
622,622,4,K5C15J2,6,500,15,20,20,7,6,150,0.2,1.3,622,K5C15J2,K5E2C15J2,/home/administrador/giron/labotim/HGS-CVRP/Instances/CVRP/Golden_13.vrp,886.0
623,623,4,K5C15J2,6,500,15,20,20,7,6,150,0.2,1.3,623,K5C15J2,K5E2C15J2,/home/administrador/giron/labotim/HGS-CVRP/Instances/CVRP/X-n376-k94.vrp,148736.0
624,624,4,K5C15J2,6,500,15,20,20,7,6,150,0.2,1.3,624,K5C15J2,K5E2C15J2,/home/administrador/giron/labotim/HGS-CVRP/Instances/CVRP/Golden_20.vrp,1895.0
625,625,4,K5C15J2,6,500,15,20,20,7,6,150,0.2,1.3,625,K5C15J2,K5E2C15J2,/home/administrador/giron/labotim/HGS-CVRP/Instances/CVRP/X-n251-k28.vrp,39664.0
626,626,4,K5C15J2,6,500,15,20,20,7,6,150,0.2,1.3,626,K5C15J2,K5E2C15J2,/home/administrador/giron/labotim/HGS-CVRP/Instances/CVRP/X-n627-k43.vrp,64861.0
627,627,4,K5C15J2,6,500,15,20,20,7,6,150,0.2,1.3,627,K5C15J2,K5E2C15J2,/home/administrador/giron/labotim/HGS-CVRP/Instances/CVRP/X-n599-k92.vrp,111976.0
628,628,4,K5C15J2,6,500,15,20,20,7,6,150,0.2,1.3,628,K5C15J2,K5E2C15J2,/home/administrador/giron/labotim/HGS-CVRP/Instances/CVRP/X-n115-k10.vrp,12747.0
629,629,4,K5C15J2,6,500,15,20,20,7,6,150,0.2,1.3,629,K5C15J2,K5E2C15J2,/home/administrador/giron/labotim/HGS-CVRP/Instances/CVRP/X-n401-k29.vrp,67909.0
630,630,4,K5C15J2,6,500,15,20,20,7,6,150,0.2,1.3,630,K5C15J2,K5E1C15J2,/home/administrador/giron/labotim/HGS-CVRP/Instances/CVRP/Golden_11.vrp,815.0
631,631,4,K5C15J2,6,500,15,20,20,7,6,150,0.2,1.3,631,K5C15J2,K5E1C15J2,/home/administrador/giron/labotim/HGS-CVRP/Instances/CVRP/X-n275-k28.vrp,21722.0
632,632,4,K5C15J2,6,500,15,20,20,7,6,150,0.2,1.3,632,K5C15J2,K5E1C15J2,/home/administrador/giron/labotim/HGS-CVRP/Instances/CVRP/X-n308-k13.vrp,26812.0
633,633,4,K5C15J2,6,500,15,20,20,7,6,150,0.2,1.3,633,K5C15J2,K5E1C15J2,/home/administrador/giron/labotim/HGS-CVRP/Instances/CVRP/X-n536-k96.vrp,97165.0
634,634,4,K5C15J2,6,500,15,20,20,7,6,150,0.2,1.3,634,K5C15J2,K5E1C15J2,/home/administrador/giron/labotim/HGS-CVRP/Instances/CVRP/X-n303-k21.vrp,22405.0
635,635,4,K5C15J2,6,500,15,20,20,7,6,150,0.2,1.3,635,K5C15J2,K5E1C15J2,/home/administrador/giron/labotim/HGS-CVRP/Instances/CVRP/X-n957-k87.vrp,87215.0
636,636,4,K5C15J2,6,500,15,20,20,7,6,150,0.2,1.3,636,K5C15J2,K5E1C15J2,/home/administrador/giron/labotim/HGS-CVRP/Instances/CVRP/X-n143-k7.vrp,16259.0
637,637,4,K5C15J2,6,500,15,20,20,7,6,150,0.2,1.3,637,K5C15J2,K5E1C15J2,/home/administrador/giron/labotim/HGS-CVRP/Instances/CVRP/Golden_5.vrp,6671.0
638,638,4,K5C15J2,6,500,15,20,20,7,6,150,0.2,1.3,638,K5C15J2,K5E1C15J2,/home/administrador/giron/labotim/HGS-CVRP/Instances/CVRP/X-n420-k130.vrp,110663.0
639,639,4,K5C15J2,6,500,15,20,20,7,6,150,0.2,1.3,639,K5C15J2,K5E1C15J2,/home/administrador/giron/labotim/HGS-CVRP/Instances/CVRP/X-n548-k50.vrp,88071.0
640,640,4,K5C15J2,6,500,15,20,20,7,6,150,0.2,1.3,640,K5C15J2,K5E1C15J2,/home/administrador/giron/labotim/HGS-CVRP/Instances/CVRP/X-n837-k142.vrp,198701.0
641,641,4,K5C15J2,6,500,15,20,20,7,6,150,0.2,1.3,641,K5C15J2,K5E1C15J2,/home/administrador/giron/labotim/HGS-CVRP/Instances/CVRP/Golden_10.vrp,666.0
642,642,4,K5C15J2,6,500,15,20,20,7,6,150,0.2,1.3,642,K5C15J2,K5E1C15J2,/home/administrador/giron/labotim/HGS-CVRP/Instances/CVRP/X-n801-k40.vrp,76036.0
643,643,4,K5C15J2,6,500,15,20,20,7,6,150,0.2,1.3,643,K5C15J2,K5E1C15J2,/home/administrador/giron/labotim/HGS-CVRP/Instances/CVRP/X-n317-k53.vrp,78954.0
644,644,4,K5C15J2,6,500,15,20,20,7,6,150,0.2,1.3,644,K5C15J2,K5E1C15J2,/home/administrador/giron/labotim/HGS-CVRP/Instances/CVRP/X-n228-k23.vrp,26363.0
